,Username,Played,Won,Tag_bg_blue,Tag_bg_cosmic,Tag_bg_geometric,Tag_bg_green,Tag_bg_nature,Tag_bg_oddysey,Tag_bg_orange,Tag_bg_purple,K_Won,A_Won,R_Won,H_Won,W_Won,B_Won,M_Won,G_Won,K_Played,A_Played,R_Played,H_Played,W_Played,B_Played,M_Played,G_Played,Accepting_games_False,Accepting_games_True,Skill_points,Badge_0,Badge_1,Badge_2,Badge_3,Badge_4,Badge_5,Badge_6,Badge_7,Badge_8,Badge_9,Badge_10,Badge_11,Badge_12,Badge_13,Badge_14,Badge_15,Badge_16,Badge_17,Badge_18,Badge_19,Badge_20,Badge_21,Badge_22,Badge_23,Badge_24,Badge_25,Badge_26,Badge_27,Badge_28,Badge_29,Badge_30,Badge_31,Badge_32,Badge_33,Badge_34,Badge_35,Badge_36,Badge_37,Badge_38,Badge_39,Badge_40,Badge_41,Badge_42,Badge_43,Elo,Current_season_skill,Win_rate,Last_game_result_1.0
0,JustJoe242,1,0,0,0,0,0,0,0,0,1,0,0,0,0,0,0,0,0,1,0,1,0,0,0,0,0,0,1,0.0,0.0,0.0,0.0,0.0,1.0,0.0,0.0,0.0,0.0,0.0,0.0,0.0,0.0,0.0,0.0,0.0,3.0,0.0,0.0,0.0,0.0,0.0,0.0,0.0,43.0,0.0,1.0,1.0,0.0,0.0,0.0,0.0,0.0,2.0,0.0,0.0,0.0,0.0,1.0,1.0,0.0,0.0,0.0,0.0,1183.281224457455,0,0.0,1.0
1,AethelredVS,4,2,0,0,0,1,0,0,0,0,2,1,0,0,1,0,0,0,3,2,1,1,1,0,0,0,0,1,80.0,2.0,2.0,1.0,1.0,0.0,0.0,1.0,0.0,0.0,1.0,0.0,0.0,0.0,0.0,0.0,0.0,27.0,0.0,0.0,80.0,0.0,0.0,2.0,2.0,57.0,0.0,4.0,3.0,0.0,1.0,2.0,1.0,1.0,3.0,0.0,0.0,1.0,0.0,2.0,0.0,1.0,80.0,0.0,50.0,1219.0701446517521,80,0.5,1.0
2,wasyl2001,3,3,0,1,0,0,0,0,0,0,0,3,3,0,0,0,0,0,0,3,3,0,0,0,0,0,0,1,220.0,0.0,0.0,0.0,3.0,3.0,3.0,0.0,0.0,0.0,0.0,0.0,0.0,0.0,0.0,0.0,0.0,9.0,1.0,1.0,220.0,0.0,0.0,3.0,3.0,66.0,0.0,3.0,3.0,1.0,0.0,3.0,0.0,0.0,3.0,1.0,0.0,0.0,0.0,0.0,0.0,2.0,220.0,2380.0,0.0,1190.2638055427544,220,1.0,1.0
3,Suzs,3,1,0,0,0,1,0,0,0,0,1,1,0,0,0,0,0,0,2,1,2,1,0,0,0,0,0,1,35.0,1.0,1.0,0.0,1.0,1.0,0.0,1.0,0.0,0.0,0.0,0.0,0.0,0.0,0.0,0.0,0.0,14.0,0.0,0.0,42.0,207.0,0.0,1.0,0.0,61.0,0.0,3.0,2.0,0.0,0.0,1.0,0.0,0.0,1.0,0.0,0.0,0.0,0.0,1.0,1.0,0.0,0.0,0.0,0.0,1195.848690488812,0,0.3333333333333333,0.0
4,SGUNNER07,5,3,0,0,0,0,0,0,0,1,1,2,0,3,0,0,0,0,1,2,2,5,0,0,0,0,0,1,103.0,1.0,1.0,0.0,2.0,2.0,0.0,2.0,3.0,0.0,0.0,0.0,0.0,0.0,0.0,0.0,0.0,31.0,0.0,0.0,112.0,0.0,0.0,2.0,0.0,60.0,0.0,5.0,5.0,1.0,0.0,3.0,2.0,1.0,3.0,1.0,0.0,1.0,0.0,1.0,1.0,3.0,112.0,28.0,71.0,1214.7716995447954,103,0.6,1.0
5,MarkyMark74,5,3,0,0,0,0,0,0,0,1,1,1,2,2,0,0,0,0,2,3,3,2,0,0,0,0,1,0,124.0,0.0,1.0,1.0,1.0,2.0,2.0,2.0,2.0,0.0,0.0,0.0,0.0,0.0,0.0,0.0,0.0,18.0,0.0,0.0,125.0,1290.0,80.0,2.0,0.0,66.0,0.0,5.0,3.0,1.0,0.0,3.0,0.0,0.0,2.0,0.0,0.0,0.0,0.0,1.0,1.0,0.0,0.0,0.0,0.0,1205.2764502636276,0,0.6,1.0
6,sophc9797,3,1,0,0,0,1,0,0,0,0,1,1,0,0,0,0,0,0,3,2,0,1,0,0,0,0,0,1,30.0,2.0,1.0,1.0,1.0,0.0,0.0,0.0,0.0,0.0,0.0,0.0,0.0,0.0,0.0,0.0,0.0,15.0,0.0,0.0,40.0,0.0,0.0,1.0,0.0,55.0,0.0,3.0,3.0,0.0,0.0,1.0,0.0,0.0,0.0,0.0,0.0,1.0,0.0,1.0,1.0,0.0,40.0,0.0,0.0,1182.3951556066572,30,0.3333333333333333,0.0
7,mumdoc,2,1,0,0,0,1,0,0,0,0,0,1,1,0,0,0,0,0,0,1,2,1,0,0,0,0,1,0,34.0,0.0,0.0,0.0,1.0,2.0,1.0,0.0,0.0,0.0,0.0,0.0,0.0,0.0,0.0,0.0,0.0,3.0,0.0,0.0,42.0,193.0,0.0,1.0,0.0,54.0,0.0,2.0,2.0,1.0,0.0,1.0,0.0,0.0,0.0,0.0,0.0,0.0,0.0,1.0,1.0,0.0,0.0,0.0,0.0,1199.768875379828,0,0.5,1.0
8,The_big_Ali,6,1,0,0,0,0,0,0,1,0,0,1,1,0,0,0,0,0,1,4,6,1,0,0,0,0,0,1,45.0,0.0,0.0,0.0,1.0,6.0,1.0,0.0,0.0,0.0,0.0,0.0,0.0,0.0,0.0,0.0,0.0,32.0,0.0,0.0,50.0,0.0,0.0,1.0,0.0,56.0,0.0,6.0,6.0,0.0,0.0,1.0,4.0,3.0,12.0,1.0,13.0,0.0,0.0,4.0,1.0,0.0,50.0,2133.0,0.0,911.0690349274735,45,0.16666666666666666,0.0
9,simtsui,2,0,0,0,0,1,0,0,0,0,0,0,0,0,0,0,0,0,2,0,1,1,0,0,0,0,0,1,0.0,0.0,0.0,0.0,0.0,1.0,0.0,1.0,0.0,0.0,0.0,0.0,0.0,0.0,0.0,0.0,0.0,14.0,0.0,0.0,0.0,0.0,0.0,0.0,0.0,42.0,0.0,2.0,2.0,0.0,0.0,0.0,0.0,0.0,5.0,0.0,0.0,0.0,0.0,2.0,2.0,0.0,0.0,0.0,0.0,1125.4712117421136,0,0.0,0.0
10,stru,3,2,1,0,0,0,0,0,0,0,0,2,1,1,0,0,0,0,1,2,2,1,0,0,0,0,0,1,81.0,0.0,0.0,1.0,2.0,2.0,1.0,0.0,1.0,0.0,0.0,0.0,0.0,0.0,0.0,0.0,0.0,21.0,0.0,0.0,81.0,0.0,0.0,2.0,2.0,55.0,0.0,3.0,2.0,1.0,0.0,2.0,1.0,1.0,1.0,0.0,0.0,1.0,0.0,1.0,0.0,3.0,81.0,78.0,40.0,1181.3872903246165,81,0.6666666666666666,0.0
11,s_c_bear,1,0,0,0,0,1,0,0,0,0,0,0,0,0,0,0,0,0,0,0,1,1,0,0,0,0,0,1,0.0,0.0,0.0,0.0,0.0,0.0,0.0,1.0,0.0,0.0,0.0,0.0,0.0,0.0,0.0,0.0,0.0,6.0,0.0,0.0,0.0,0.0,0.0,0.0,0.0,40.0,0.0,1.0,1.0,0.0,0.0,0.0,0.0,0.0,0.0,0.0,0.0,0.0,0.0,1.0,1.0,0.0,0.0,0.0,0.0,1195.0,0,0.0,0.0
12,Melonchi,1,0,1,0,0,0,0,0,0,0,0,0,0,0,0,0,0,0,1,1,0,0,0,0,0,0,0,1,0.0,0.0,0.0,1.0,0.0,0.0,0.0,0.0,0.0,0.0,0.0,0.0,0.0,0.0,0.0,0.0,0.0,5.0,0.0,0.0,0.0,0.0,0.0,0.0,0.0,43.0,0.0,1.0,1.0,0.0,0.0,0.0,0.0,0.0,1.0,0.0,0.0,0.0,0.0,1.0,1.0,0.0,0.0,0.0,0.0,1183.1799763504619,0,0.0,1.0
13,Frostspear,1,1,0,0,0,0,0,0,0,1,0,1,1,0,0,0,0,0,0,1,1,0,0,0,0,0,1,0,40.0,0.0,0.0,0.0,1.0,1.0,1.0,0.0,0.0,0.0,0.0,0.0,0.0,0.0,0.0,0.0,0.0,5.0,0.0,0.0,40.0,0.0,0.0,1.0,1.0,44.0,0.0,1.0,1.0,0.0,0.0,1.0,0.0,1.0,0.0,0.0,6.0,0.0,0.0,0.0,0.0,0.0,40.0,0.0,40.0,1216.0,40,1.0,0.0
14,KingCheese,1,1,0,0,0,0,0,0,0,1,1,1,0,0,0,0,0,0,1,1,0,0,0,0,0,0,0,1,60.0,0.0,1.0,1.0,1.0,0.0,0.0,0.0,0.0,0.0,0.0,0.0,0.0,0.0,0.0,0.0,0.0,2.0,0.0,1.0,60.0,0.0,40.0,1.0,1.0,57.0,0.0,1.0,1.0,0.0,0.0,1.0,0.0,0.0,1.0,0.0,0.0,0.0,0.0,0.0,0.0,0.0,10.0,0.0,0.0,1200.0,10,1.0,1.0
15,RandomUser,1,0,0,0,0,1,0,0,0,0,0,0,0,0,0,0,0,0,0,0,1,1,0,0,0,0,0,1,0.0,0.0,0.0,0.0,0.0,1.0,0.0,0.0,0.0,0.0,0.0,0.0,0.0,0.0,0.0,0.0,0.0,3.0,0.0,0.0,0.0,0.0,0.0,0.0,0.0,40.0,0.0,1.0,1.0,0.0,0.0,0.0,0.0,0.0,1.0,0.0,0.0,0.0,0.0,1.0,1.0,0.0,0.0,0.0,0.0,1195.411778888888,0,0.0,0.0
16,superrad,1,1,1,0,0,0,0,0,0,0,0,1,1,0,0,0,0,0,0,1,1,0,0,0,0,0,0,1,50.0,0.0,0.0,1.0,1.0,0.0,1.0,0.0,0.0,0.0,0.0,0.0,0.0,0.0,0.0,0.0,0.0,5.0,0.0,0.0,50.0,1294.0,0.0,1.0,1.0,48.0,0.0,1.0,1.0,0.0,0.0,1.0,1.0,0.0,1.0,0.0,0.0,0.0,0.0,0.0,0.0,0.0,0.0,0.0,0.0,1205.2018293746496,0,1.0,1.0
17,bingoboy,1,1,0,0,0,1,0,0,0,0,0,0,1,1,0,0,0,0,0,0,1,1,0,0,0,0,0,1,41.0,0.0,0.0,0.0,0.0,0.0,1.0,1.0,1.0,0.0,0.0,0.0,0.0,0.0,0.0,0.0,0.0,8.0,0.0,0.0,41.0,0.0,0.0,1.0,1.0,43.0,0.0,1.0,1.0,0.0,0.0,1.0,0.0,0.0,1.0,0.0,0.0,0.0,0.0,0.0,0.0,0.0,41.0,104.0,0.0,1218.9258461915633,41,1.0,1.0
18,Yogurt,1,0,1,0,0,0,0,0,0,0,0,0,0,0,0,0,0,0,1,0,0,1,0,0,0,0,0,1,0.0,0.0,0.0,0.0,0.0,0.0,0.0,1.0,0.0,0.0,0.0,0.0,0.0,0.0,0.0,0.0,0.0,6.0,0.0,0.0,0.0,0.0,0.0,0.0,0.0,37.0,0.0,1.0,1.0,0.0,0.0,0.0,0.0,0.0,0.0,0.0,0.0,0.0,0.0,1.0,1.0,0.0,0.0,0.0,0.0,1184.0,0,0.0,0.0
19,Baepsae,7,5,0,0,0,0,0,0,0,1,2,5,0,3,0,0,0,0,3,7,0,4,0,0,0,0,1,0,222.0,2.0,2.0,1.0,5.0,0.0,0.0,4.0,3.0,0.0,0.0,0.0,0.0,0.0,0.0,0.0,0.0,34.0,0.0,0.0,222.0,0.0,0.0,3.0,2.0,65.0,0.0,7.0,7.0,0.0,2.0,5.0,0.0,0.0,5.0,2.0,0.0,0.0,0.0,2.0,0.0,2.0,222.0,2139.0,0.0,1220.5416728758273,222,0.7142857142857143,0.0
20,Rarno,21,10,1,0,0,0,0,0,0,0,1,1,9,1,1,0,7,0,2,1,16,4,4,2,9,0,0,1,457.0,0.0,1.0,1.0,1.0,13.0,9.0,4.0,1.0,1.0,1.0,0.0,0.0,0.0,7.0,0.0,0.0,109.0,0.0,0.0,457.0,1165.0,293.0,5.0,1.0,87.0,0.0,19.0,16.0,3.0,0.0,10.0,8.0,9.0,14.0,6.0,0.0,4.0,1.0,3.0,0.0,0.0,0.0,0.0,0.0,1210.958847223721,0,0.47619047619047616,0.0
21,Fudgecakes,10,4,0,1,0,0,0,0,0,0,1,1,1,3,2,0,0,0,2,5,4,5,2,0,0,0,0,1,175.0,0.0,1.0,0.0,1.0,4.0,1.0,3.0,3.0,2.0,2.0,0.0,0.0,0.0,0.0,0.0,0.0,58.0,0.0,0.0,175.0,0.0,0.0,2.0,2.0,66.0,0.0,9.0,5.0,2.0,0.0,4.0,1.0,6.0,16.0,0.0,0.0,1.0,0.0,3.0,2.0,6.0,135.0,366.0,40.0,836.5884963295821,135,0.4,1.0
22,meow,32,17,0,0,0,1,0,0,0,0,1,0,0,1,0,14,3,15,1,2,3,4,2,23,6,23,0,1,740.0,0.0,1.0,1.0,0.0,1.0,0.0,4.0,1.0,1.0,0.0,1.0,14.0,1.0,3.0,23.0,15.0,188.0,0.0,0.0,740.0,3153.0,524.0,5.0,2.0,81.0,1.0,32.0,23.0,3.0,1.0,17.0,0.0,3.0,35.0,0.0,0.0,6.0,1.0,5.0,0.0,0.0,0.0,0.0,0.0,1217.3570847864949,0,0.53125,0.0
23,MJWR,1,0,0,1,0,0,0,0,0,0,0,0,0,0,0,0,0,0,0,1,0,1,0,0,0,0,0,1,5.0,0.0,0.0,0.0,0.0,0.0,0.0,1.0,0.0,0.0,0.0,0.0,0.0,0.0,0.0,0.0,0.0,4.0,0.0,1.0,10.0,0.0,0.0,0.0,0.0,51.0,0.0,1.0,1.0,0.0,0.0,0.0,0.0,0.0,4.0,0.0,0.0,0.0,0.0,1.0,1.0,0.0,10.0,0.0,0.0,1171.6125722288273,5,0.0,1.0
24,musicalSpear,20,9,1,0,0,0,0,0,0,0,2,5,5,4,2,0,0,0,6,12,13,5,2,1,1,0,1,0,323.0,1.0,2.0,3.0,5.0,10.0,5.0,5.0,4.0,0.0,2.0,1.0,0.0,0.0,0.0,0.0,0.0,114.0,0.0,0.0,323.0,0.0,0.0,3.0,1.0,72.0,0.0,20.0,13.0,0.0,2.0,9.0,1.0,5.0,14.0,0.0,0.0,3.0,1.0,3.0,0.0,6.0,323.0,2065.0,212.0,1109.5054849641745,323,0.45,0.0
25,Paulverise,21,12,0,0,0,0,1,0,0,0,2,1,2,1,0,7,10,1,3,3,6,3,1,12,13,1,0,1,440.0,1.0,2.0,2.0,1.0,4.0,2.0,3.0,1.0,0.0,0.0,10.0,7.0,0.0,10.0,1.0,1.0,101.0,0.0,0.0,440.0,86.0,68.0,4.0,1.0,82.0,1.0,21.0,13.0,6.0,0.0,12.0,1.0,0.0,22.0,0.0,0.0,4.0,1.0,4.0,0.0,0.0,0.0,0.0,0.0,1209.413800148373,0,0.5714285714285714,0.0
26,Morntato,16,8,0,0,0,0,0,1,0,0,4,5,2,5,0,0,0,0,6,10,4,10,1,1,0,0,0,1,299.0,2.0,4.0,1.0,5.0,3.0,2.0,10.0,5.0,0.0,0.0,0.0,0.0,0.0,0.0,0.0,0.0,85.0,0.0,0.0,299.0,0.0,0.0,3.0,1.0,70.0,0.0,16.0,10.0,2.0,1.0,8.0,0.0,0.0,12.0,0.0,0.0,1.0,0.0,3.0,0.0,0.0,299.0,1684.0,161.0,1093.710037354364,299,0.5,0.0
27,joanna,1,0,0,0,0,0,0,0,0,1,0,0,0,0,0,0,0,0,0,1,1,0,0,0,0,0,0,1,4.0,0.0,0.0,1.0,0.0,0.0,0.0,0.0,0.0,0.0,0.0,0.0,0.0,0.0,0.0,0.0,0.0,2.0,0.0,0.0,10.0,0.0,0.0,0.0,0.0,49.0,0.0,1.0,1.0,0.0,0.0,0.0,0.0,0.0,1.0,0.0,0.0,0.0,0.0,1.0,1.0,0.0,0.0,0.0,0.0,1194.8532103297957,0,0.0,1.0
28,versatile,32,17,0,0,1,0,0,0,0,0,3,2,14,1,0,1,13,0,5,5,23,5,2,2,21,1,1,0,613.0,2.0,3.0,1.0,2.0,23.0,14.0,4.0,1.0,0.0,0.0,1.0,1.0,1.0,13.0,0.0,0.0,114.0,0.0,0.0,613.0,1508.0,527.0,3.0,0.0,87.0,1.0,32.0,23.0,7.0,0.0,17.0,6.0,4.0,19.0,9.0,0.0,8.0,1.0,2.0,0.0,0.0,0.0,0.0,0.0,1208.8130234433283,0,0.53125,0.0
29,grejurn,1,0,0,1,0,0,0,0,0,0,0,0,0,0,0,0,0,0,0,1,0,1,0,0,0,0,0,1,0.0,0.0,0.0,1.0,0.0,0.0,0.0,0.0,0.0,0.0,0.0,0.0,0.0,0.0,0.0,0.0,0.0,5.0,0.0,0.0,0.0,0.0,0.0,0.0,0.0,43.0,0.0,1.0,1.0,0.0,0.0,0.0,0.0,0.0,3.0,0.0,12.0,0.0,0.0,1.0,1.0,0.0,0.0,0.0,0.0,1154.6139907583477,0,0.0,1.0
30,bijtis,8,4,0,0,0,0,0,0,0,1,1,3,2,2,0,0,0,0,2,5,5,4,0,0,0,0,0,1,165.0,2.0,1.0,2.0,3.0,2.0,2.0,2.0,2.0,0.0,0.0,0.0,0.0,0.0,0.0,0.0,0.0,40.0,0.0,0.0,165.0,2050.0,115.0,2.0,1.0,59.0,0.0,8.0,5.0,2.0,0.0,4.0,2.0,1.0,6.0,0.0,0.0,1.0,0.0,2.0,0.0,0.0,0.0,0.0,0.0,1201.1667865021661,0,0.5,0.0
31,Felix42,13,6,0,0,0,0,0,0,0,1,1,1,5,1,0,0,4,0,1,6,7,3,2,1,6,0,0,1,254.0,0.0,1.0,3.0,1.0,7.0,5.0,3.0,1.0,0.0,0.0,0.0,0.0,0.0,4.0,0.0,0.0,47.0,0.0,0.0,254.0,1524.0,0.0,2.0,0.0,65.0,0.0,13.0,7.0,1.0,0.0,6.0,0.0,0.0,10.0,0.0,0.0,4.0,1.0,4.0,0.0,0.0,0.0,0.0,0.0,1193.7614345102738,0,0.46153846153846156,0.0
32,Fudgewolf,9,3,1,0,0,0,0,0,0,0,0,3,2,1,0,0,0,0,3,5,7,2,1,0,0,0,0,1,128.0,1.0,0.0,1.0,3.0,6.0,2.0,1.0,1.0,0.0,0.0,0.0,0.0,0.0,0.0,0.0,0.0,28.0,1.0,1.0,128.0,0.0,0.0,2.0,0.0,63.0,0.0,9.0,7.0,1.0,0.0,3.0,0.0,0.0,11.0,0.0,0.0,2.0,0.0,3.0,2.0,1.0,128.0,222.0,40.0,1094.0774928381707,128,0.3333333333333333,1.0
33,Chrispie111,36,17,0,0,0,1,0,0,0,0,1,7,15,0,1,0,1,9,3,18,30,1,2,1,2,15,0,1,631.0,2.0,1.0,4.0,7.0,20.0,15.0,1.0,0.0,1.0,1.0,1.0,0.0,1.0,1.0,6.0,9.0,115.0,0.0,0.0,631.0,0.0,0.0,8.0,0.0,78.0,1.0,36.0,30.0,4.0,0.0,17.0,0.0,4.0,37.0,0.0,0.0,4.0,1.0,5.0,0.0,2.0,631.0,1951.0,475.0,932.8771733436428,631,0.4722222222222222,0.0
34,EarlofSurl,56,31,0,0,0,0,0,0,0,1,4,5,7,2,16,2,12,14,8,8,17,3,27,3,27,19,0,1,1001.0,5.0,4.0,4.0,5.0,12.0,7.0,2.0,2.0,13.0,16.0,0.0,2.0,7.0,12.0,13.0,14.0,232.0,0.0,0.0,1001.0,1285.0,885.0,5.0,0.0,93.0,3.0,56.0,27.0,13.0,1.0,31.0,0.0,1.0,52.0,0.0,15.0,11.0,1.0,7.0,0.0,0.0,0.0,0.0,0.0,1210.7836085039573,0,0.5535714285714286,0.0
35,bcslippers,14,6,1,0,0,0,0,0,0,0,2,2,2,3,0,1,2,0,5,3,4,6,2,3,4,1,0,1,240.0,1.0,2.0,3.0,2.0,3.0,2.0,3.0,3.0,1.0,0.0,2.0,1.0,1.0,2.0,0.0,0.0,24.0,0.0,0.0,245.0,2039.0,140.0,3.0,0.0,68.0,1.0,14.0,6.0,2.0,0.0,6.0,2.0,0.0,17.0,0.0,0.0,1.0,1.0,5.0,2.0,0.0,0.0,0.0,0.0,1189.128294202911,0,0.42857142857142855,0.0
36,rowan,14,5,1,0,0,0,0,0,0,0,2,4,1,2,1,0,0,0,2,8,3,4,6,4,1,0,1,0,205.0,1.0,2.0,2.0,4.0,2.0,1.0,4.0,2.0,3.0,1.0,2.0,0.0,0.0,0.0,0.0,0.0,19.0,0.0,0.0,210.0,0.0,0.0,1.0,0.0,66.0,0.0,14.0,8.0,1.0,0.0,5.0,1.0,1.0,16.0,0.0,0.0,1.0,1.0,4.0,1.0,1.0,210.0,1037.0,38.0,1047.7941320220752,205,0.35714285714285715,0.0
37,asdf,27,16,0,0,1,0,0,0,0,0,15,0,4,1,0,1,10,1,26,2,7,3,1,1,13,1,0,1,620.0,15.0,15.0,2.0,0.0,4.0,4.0,3.0,1.0,0.0,0.0,1.0,1.0,2.0,10.0,0.0,1.0,109.0,0.0,0.0,620.0,1576.0,448.0,7.0,0.0,88.0,1.0,27.0,26.0,7.0,1.0,16.0,7.0,1.0,13.0,3.0,3.0,5.0,1.0,3.0,2.0,0.0,0.0,0.0,0.0,1219.921578914785,0,0.5925925925925926,0.0
38,frick,1,0,0,0,1,0,0,0,0,0,0,0,0,0,0,0,0,0,1,1,0,0,0,0,0,0,0,1,10.0,0.0,0.0,1.0,0.0,0.0,0.0,0.0,0.0,0.0,0.0,0.0,0.0,0.0,0.0,0.0,0.0,10.0,0.0,0.0,10.0,0.0,0.0,0.0,0.0,44.0,0.0,1.0,1.0,0.0,0.0,0.0,1.0,1.0,1.0,0.0,2.0,0.0,0.0,1.0,1.0,0.0,0.0,0.0,0.0,1194.8608409958517,0,0.0,1.0
39,Cm83,3,1,0,0,0,0,0,0,1,0,1,1,0,0,0,0,0,0,2,2,0,2,0,0,0,0,0,1,47.0,0.0,1.0,2.0,1.0,0.0,0.0,1.0,0.0,0.0,0.0,0.0,0.0,0.0,0.0,0.0,0.0,10.0,0.0,0.0,52.0,186.0,0.0,1.0,0.0,62.0,0.0,3.0,2.0,1.0,0.0,1.0,0.0,0.0,2.0,0.0,0.0,0.0,0.0,2.0,2.0,0.0,0.0,0.0,0.0,1195.0028654519829,0,0.3333333333333333,0.0
40,grobis,1,1,0,0,0,0,0,0,0,1,1,1,0,0,0,0,0,0,1,1,0,0,0,0,0,0,0,1,83.0,0.0,1.0,1.0,1.0,0.0,0.0,0.0,0.0,0.0,0.0,0.0,0.0,0.0,0.0,0.0,0.0,5.0,0.0,0.0,83.0,245.0,0.0,1.0,1.0,63.0,0.0,1.0,1.0,0.0,0.0,1.0,1.0,0.0,7.0,0.0,2.0,0.0,0.0,0.0,0.0,0.0,0.0,0.0,0.0,1204.8769697925436,0,1.0,0.0
41,ChrialCentre,1,0,0,0,0,0,0,0,0,1,0,0,0,0,0,0,0,0,1,0,1,0,0,0,0,0,0,1,25.0,0.0,0.0,0.0,0.0,1.0,0.0,0.0,0.0,0.0,0.0,0.0,0.0,0.0,0.0,0.0,0.0,4.0,2.0,2.0,30.0,0.0,0.0,0.0,0.0,53.0,0.0,1.0,1.0,0.0,0.0,0.0,2.0,0.0,2.0,0.0,0.0,0.0,0.0,1.0,1.0,3.0,30.0,0.0,0.0,1077.952131342185,25,0.0,1.0
42,claremcskim1,3,1,1,0,0,0,0,0,0,0,0,0,1,1,0,0,0,0,1,1,2,1,1,0,0,0,0,1,75.0,0.0,0.0,1.0,0.0,1.0,1.0,1.0,1.0,0.0,0.0,0.0,0.0,0.0,0.0,0.0,0.0,13.0,0.0,1.0,80.0,0.0,0.0,1.0,0.0,59.0,0.0,3.0,2.0,0.0,0.0,1.0,0.0,0.0,1.0,1.0,0.0,1.0,0.0,1.0,1.0,1.0,80.0,1586.0,0.0,1226.7254817986538,75,0.3333333333333333,1.0
43,Lavarider,14,5,0,0,0,0,0,0,0,1,1,2,3,1,1,0,1,1,2,6,8,3,1,2,3,3,0,1,165.0,0.0,1.0,0.0,2.0,7.0,3.0,3.0,1.0,0.0,1.0,1.0,0.0,1.0,1.0,2.0,1.0,66.0,0.0,0.0,189.0,0.0,0.0,2.0,0.0,64.0,1.0,14.0,8.0,1.0,0.0,5.0,0.0,0.0,0.0,0.0,0.0,3.0,1.0,4.0,4.0,7.0,189.0,1592.0,0.0,1229.157547165914,165,0.35714285714285715,1.0
44,ruadh_beag,4,1,0,0,0,0,0,0,1,0,1,0,0,1,0,0,0,0,4,0,0,4,0,0,0,0,0,1,73.0,0.0,1.0,0.0,0.0,0.0,0.0,4.0,1.0,0.0,0.0,0.0,0.0,0.0,0.0,0.0,0.0,4.0,0.0,0.0,79.0,698.0,0.0,1.0,0.0,58.0,0.0,4.0,4.0,0.0,0.0,1.0,1.0,2.0,7.0,0.0,0.0,1.0,0.0,2.0,2.0,0.0,0.0,0.0,0.0,1190.192640880154,0,0.25,0.0
45,Elessar,5,2,0,0,0,1,0,0,0,0,0,2,2,0,0,0,0,0,1,4,5,0,0,0,0,0,0,1,130.0,0.0,0.0,3.0,2.0,2.0,2.0,0.0,0.0,0.0,0.0,0.0,0.0,0.0,0.0,0.0,0.0,9.0,0.0,0.0,130.0,390.0,0.0,2.0,2.0,61.0,0.0,5.0,5.0,0.0,0.0,2.0,0.0,0.0,7.0,0.0,6.0,0.0,0.0,3.0,0.0,0.0,0.0,0.0,0.0,1195.5833904121282,0,0.4,1.0
46,Master4444,20,10,0,0,0,1,0,0,0,0,3,5,4,0,0,3,2,3,5,9,7,3,1,7,2,6,0,1,406.0,1.0,3.0,3.0,5.0,7.0,4.0,3.0,0.0,0.0,0.0,6.0,3.0,0.0,2.0,0.0,3.0,80.0,1.0,1.0,406.0,0.0,0.0,3.0,1.0,72.0,1.0,20.0,9.0,2.0,0.0,10.0,0.0,0.0,19.0,0.0,0.0,0.0,1.0,4.0,0.0,1.0,406.0,1327.0,261.0,1056.0684747303953,406,0.5,1.0
47,tickler,29,11,0,1,0,0,0,0,0,0,5,2,6,5,2,2,0,0,13,6,12,13,5,6,1,0,0,1,482.0,8.0,5.0,2.0,2.0,5.0,6.0,8.0,5.0,1.0,2.0,3.0,2.0,1.0,0.0,0.0,0.0,118.0,0.0,0.0,482.0,0.0,0.0,2.0,2.0,76.0,0.0,28.0,13.0,1.0,0.0,11.0,13.0,8.0,6.0,8.0,0.0,4.0,1.0,5.0,3.0,17.0,418.0,2167.0,173.0,1024.6074876009936,418,0.3793103448275862,1.0
48,adamski5298,45,21,0,0,0,0,0,0,0,1,10,8,5,6,3,2,4,4,20,14,8,12,9,4,10,13,0,1,729.0,13.0,10.0,7.0,8.0,3.0,5.0,6.0,6.0,4.0,3.0,4.0,2.0,4.0,4.0,4.0,4.0,233.0,0.0,0.0,734.0,0.0,0.0,4.0,0.0,80.0,4.0,45.0,20.0,4.0,1.0,21.0,3.0,7.0,24.0,0.0,0.0,11.0,1.0,7.0,1.0,10.0,734.0,1849.0,400.0,1327.476691731518,729,0.4666666666666667,1.0
49,totem37,23,12,0,1,0,0,0,0,0,0,1,2,3,5,5,4,2,2,4,5,6,11,8,7,3,2,0,1,543.0,2.0,1.0,0.0,2.0,4.0,3.0,11.0,5.0,5.0,5.0,1.0,4.0,0.0,2.0,0.0,2.0,64.0,0.0,0.0,543.0,1423.0,0.0,5.0,1.0,75.0,2.0,23.0,11.0,3.0,0.0,12.0,2.0,0.0,21.0,1.0,0.0,3.0,1.0,4.0,0.0,0.0,0.0,0.0,0.0,1203.9918314314154,0,0.5217391304347826,0.0
50,LLilliputian,47,25,0,1,0,0,0,0,0,0,1,7,13,2,14,1,4,8,8,11,25,5,23,3,8,11,0,1,1092.0,5.0,1.0,5.0,7.0,19.0,13.0,1.0,2.0,10.0,14.0,1.0,1.0,0.0,4.0,6.0,8.0,277.0,0.0,1.0,1058.0,0.0,0.0,3.0,0.0,85.0,3.0,47.0,25.0,9.0,1.0,25.0,2.0,0.0,22.0,1.0,0.0,9.0,1.0,3.0,1.0,5.0,1058.0,892.0,747.0,1657.6117658113546,1092,0.5319148936170213,0.0
51,Hippodoodle,3,2,0,0,0,1,0,0,0,0,2,2,0,0,0,0,0,0,3,3,0,0,0,0,0,0,0,1,194.0,0.0,2.0,3.0,2.0,0.0,0.0,0.0,0.0,0.0,0.0,0.0,0.0,0.0,0.0,0.0,0.0,2.0,3.0,3.0,194.0,0.0,0.0,1.0,1.0,63.0,0.0,3.0,3.0,0.0,0.0,2.0,1.0,0.0,1.0,1.0,0.0,0.0,0.0,1.0,0.0,0.0,194.0,701.0,0.0,1256.3676927897386,194,0.6666666666666666,1.0
52,Super_Ia,7,2,0,0,0,1,0,0,0,0,0,2,2,0,0,0,0,0,1,7,6,0,0,0,0,0,0,1,103.0,0.0,0.0,2.0,2.0,5.0,2.0,0.0,0.0,0.0,0.0,0.0,0.0,0.0,0.0,0.0,0.0,31.0,0.0,0.0,103.0,115.0,0.0,2.0,2.0,62.0,0.0,7.0,7.0,0.0,0.0,2.0,0.0,1.0,2.0,1.0,0.0,0.0,0.0,5.0,0.0,0.0,0.0,0.0,0.0,1186.5799038166194,0,0.2857142857142857,1.0
53,Rilla_Treesp,6,1,0,0,0,0,0,0,0,1,0,1,0,0,0,0,1,0,1,3,3,2,1,1,1,0,0,1,80.0,1.0,0.0,2.0,1.0,1.0,0.0,1.0,0.0,1.0,0.0,0.0,0.0,0.0,1.0,0.0,0.0,21.0,0.0,0.0,80.0,0.0,0.0,1.0,1.0,54.0,0.0,6.0,3.0,0.0,0.0,1.0,0.0,0.0,7.0,1.0,0.0,1.0,1.0,5.0,0.0,0.0,80.0,1164.0,0.0,1063.5419425943328,80,0.16666666666666666,0.0
54,V4ssilios,11,8,0,0,1,0,0,0,0,0,3,4,4,3,0,2,0,0,5,5,5,4,1,2,0,0,0,1,389.0,1.0,3.0,1.0,4.0,5.0,4.0,4.0,3.0,0.0,0.0,0.0,2.0,0.0,0.0,0.0,0.0,25.0,0.0,0.0,389.0,0.0,0.0,5.0,5.0,72.0,0.0,11.0,5.0,1.0,2.0,8.0,4.0,0.0,5.0,0.0,10.0,1.0,0.0,2.0,0.0,6.0,389.0,2256.0,0.0,1221.5496926833023,389,0.7272727272727273,1.0
55,oxocube,2,2,0,0,0,0,0,0,0,1,1,2,1,0,0,0,0,0,1,2,1,0,0,0,0,0,0,1,120.0,1.0,1.0,0.0,2.0,1.0,1.0,0.0,0.0,0.0,0.0,0.0,0.0,0.0,0.0,0.0,0.0,7.0,0.0,0.0,120.0,1728.0,0.0,2.0,2.0,60.0,0.0,2.0,2.0,1.0,0.0,2.0,2.0,0.0,0.0,0.0,0.0,0.0,0.0,0.0,0.0,0.0,0.0,0.0,0.0,1205.3368888757611,0,1.0,0.0
56,Hide_on_bush,11,4,0,1,0,0,0,0,0,0,3,0,4,1,0,0,0,0,6,4,7,2,1,0,0,0,0,1,225.0,1.0,3.0,3.0,0.0,5.0,4.0,1.0,1.0,0.0,0.0,0.0,0.0,0.0,0.0,0.0,0.0,49.0,0.0,0.0,225.0,0.0,0.0,1.0,0.0,67.0,0.0,10.0,7.0,1.0,1.0,4.0,0.0,0.0,13.0,0.0,26.0,1.0,0.0,2.0,1.0,0.0,185.0,1560.0,70.0,1109.9034408823468,185,0.36363636363636365,1.0
57,BabaG,1,0,0,1,0,0,0,0,0,0,0,0,0,0,0,0,0,0,0,1,1,0,0,0,0,0,0,1,15.0,0.0,0.0,0.0,0.0,1.0,0.0,0.0,0.0,0.0,0.0,0.0,0.0,0.0,0.0,0.0,0.0,6.0,0.0,0.0,20.0,0.0,0.0,0.0,0.0,61.0,0.0,1.0,1.0,0.0,0.0,0.0,2.0,4.0,3.0,0.0,10.0,0.0,0.0,1.0,1.0,0.0,0.0,0.0,0.0,1195.0133508081776,0,0.0,1.0
58,astrospanner,11,6,0,0,0,0,0,1,0,0,2,6,3,0,1,0,0,0,2,11,5,3,1,0,0,0,0,1,320.0,1.0,2.0,4.0,6.0,3.0,3.0,2.0,0.0,1.0,1.0,0.0,0.0,0.0,0.0,0.0,0.0,43.0,0.0,1.0,320.0,1255.0,164.0,3.0,3.0,70.0,0.0,11.0,11.0,1.0,0.0,6.0,0.0,0.0,13.0,0.0,0.0,2.0,0.0,3.0,0.0,0.0,50.0,0.0,0.0,1150.2340189100835,50,0.5454545454545454,0.0
59,Schmofe,9,4,1,0,0,0,0,0,0,0,0,3,2,0,1,1,1,0,2,7,4,1,1,1,2,0,0,1,210.0,1.0,0.0,3.0,3.0,4.0,2.0,1.0,0.0,0.0,1.0,0.0,1.0,0.0,1.0,0.0,0.0,57.0,0.0,1.0,210.0,1693.0,0.0,2.0,1.0,63.0,0.0,9.0,7.0,0.0,0.0,4.0,0.0,0.0,10.0,0.0,0.0,1.0,1.0,3.0,0.0,0.0,0.0,0.0,0.0,1180.887543058985,74,0.4444444444444444,1.0
60,zShi,2,1,0,0,0,0,0,0,0,1,1,1,0,0,0,0,0,0,1,2,0,1,0,0,0,0,0,1,60.0,0.0,1.0,2.0,1.0,0.0,0.0,0.0,0.0,0.0,0.0,0.0,0.0,0.0,0.0,0.0,0.0,8.0,0.0,0.0,60.0,0.0,40.0,1.0,0.0,59.0,0.0,2.0,2.0,0.0,0.0,1.0,1.0,1.0,2.0,0.0,1.0,0.0,0.0,1.0,1.0,0.0,0.0,0.0,0.0,1199.859995807833,0,0.5,1.0
61,yasmin_f,14,6,0,0,0,0,0,0,0,1,6,6,0,0,0,0,0,0,12,13,1,0,0,0,0,0,0,1,269.0,1.0,6.0,12.0,6.0,0.0,0.0,0.0,0.0,0.0,0.0,0.0,0.0,0.0,0.0,0.0,0.0,31.0,0.0,0.0,269.0,699.0,40.0,2.0,1.0,66.0,0.0,13.0,13.0,1.0,0.0,6.0,0.0,1.0,13.0,0.0,6.0,1.0,0.0,4.0,0.0,0.0,0.0,0.0,0.0,1191.9968379694542,0,0.42857142857142855,0.0
62,BetterThanU,61,29,0,0,1,0,0,0,0,0,4,4,14,2,8,5,6,15,9,8,26,5,23,9,16,24,0,1,1030.0,7.0,4.0,2.0,4.0,23.0,14.0,4.0,2.0,10.0,8.0,4.0,5.0,1.0,6.0,9.0,15.0,302.0,0.0,0.0,1040.0,0.0,0.0,7.0,0.0,85.0,5.0,60.0,26.0,6.0,3.0,29.0,2.0,0.0,51.0,1.0,0.0,6.0,1.0,11.0,2.0,9.0,972.0,1587.0,811.0,1008.6394073196091,962,0.47540983606557374,1.0
63,Mageofheart,36,14,0,0,1,0,0,0,0,0,1,3,0,10,0,1,5,8,3,7,2,26,2,2,11,19,1,0,450.0,1.0,1.0,4.0,3.0,1.0,0.0,19.0,10.0,0.0,0.0,1.0,1.0,5.0,5.0,5.0,8.0,123.0,0.0,0.0,475.0,429.0,126.0,4.0,0.0,90.0,2.0,36.0,26.0,4.0,0.0,14.0,4.0,2.0,34.0,1.0,0.0,5.0,1.0,5.0,3.0,0.0,0.0,0.0,0.0,1173.9632709491564,0,0.3888888888888889,0.0
64,JoeExotic,5,2,0,0,0,0,0,0,1,0,0,2,0,2,0,0,0,0,0,5,0,5,0,0,0,0,0,1,96.0,0.0,0.0,0.0,2.0,0.0,0.0,5.0,2.0,0.0,0.0,0.0,0.0,0.0,0.0,0.0,0.0,9.0,0.0,0.0,96.0,134.0,36.0,1.0,0.0,63.0,0.0,5.0,5.0,0.0,0.0,2.0,2.0,3.0,8.0,0.0,2.0,0.0,0.0,2.0,1.0,0.0,0.0,0.0,0.0,1195.1348868208702,0,0.4,1.0
65,Marv_911,4,2,1,0,0,0,0,0,0,0,1,0,1,1,1,0,0,0,2,1,2,2,1,0,0,0,0,1,203.0,1.0,1.0,1.0,0.0,0.0,1.0,2.0,1.0,0.0,1.0,0.0,0.0,0.0,0.0,0.0,0.0,14.0,0.0,0.0,203.0,547.0,0.0,1.0,1.0,63.0,0.0,4.0,2.0,0.0,0.0,2.0,4.0,3.0,5.0,3.0,0.0,0.0,0.0,2.0,0.0,0.0,0.0,0.0,0.0,1195.0760232363457,0,0.5,1.0
66,Jules_217,13,7,0,1,0,0,0,0,0,0,2,3,2,4,0,2,1,0,4,5,3,6,3,4,1,0,0,1,280.0,2.0,2.0,1.0,3.0,3.0,2.0,4.0,4.0,1.0,0.0,2.0,2.0,0.0,1.0,0.0,0.0,33.0,0.0,0.0,280.0,386.0,115.0,2.0,0.0,83.0,0.0,13.0,6.0,0.0,1.0,7.0,0.0,1.0,12.0,1.0,4.0,2.0,1.0,2.0,1.0,0.0,0.0,0.0,0.0,1203.681335753107,0,0.5384615384615384,1.0
67,Jambo9000,13,7,0,0,0,1,0,0,0,0,3,4,2,4,1,0,0,0,8,8,3,6,1,0,0,0,0,1,380.0,3.0,3.0,5.0,4.0,1.0,2.0,4.0,4.0,0.0,1.0,0.0,0.0,0.0,0.0,0.0,0.0,22.0,1.0,1.0,380.0,0.0,0.0,2.0,0.0,71.0,0.0,13.0,8.0,1.0,1.0,7.0,5.0,0.0,11.0,2.0,6.0,2.0,0.0,1.0,0.0,3.0,380.0,3055.0,0.0,909.8604313667357,380,0.5384615384615384,0.0
68,Connman96,3,1,0,0,0,0,0,0,0,1,1,1,0,0,0,0,0,0,3,2,1,0,0,0,0,0,0,1,54.0,1.0,1.0,2.0,1.0,0.0,0.0,0.0,0.0,0.0,0.0,0.0,0.0,0.0,0.0,0.0,0.0,13.0,0.0,0.0,54.0,0.0,40.0,1.0,0.0,65.0,0.0,3.0,3.0,0.0,0.0,1.0,1.0,4.0,2.0,1.0,0.0,0.0,0.0,1.0,1.0,0.0,0.0,0.0,0.0,1195.236741489286,0,0.3333333333333333,0.0
69,7Name1eSs,2,2,0,0,0,0,0,0,1,0,0,2,0,2,0,0,0,0,0,2,0,2,0,0,0,0,0,1,181.0,0.0,0.0,0.0,2.0,0.0,0.0,2.0,2.0,0.0,0.0,0.0,0.0,0.0,0.0,0.0,0.0,11.0,0.0,1.0,181.0,0.0,0.0,2.0,2.0,64.0,0.0,2.0,2.0,1.0,0.0,2.0,0.0,0.0,6.0,0.0,29.0,0.0,0.0,0.0,0.0,0.0,181.0,19.0,0.0,1248.2467559477489,181,1.0,0.0
70,Atrps,11,4,0,0,0,1,0,0,0,0,2,0,3,3,0,0,0,0,3,3,6,7,1,1,1,0,0,1,226.0,0.0,2.0,2.0,0.0,3.0,3.0,6.0,3.0,0.0,0.0,0.0,0.0,0.0,0.0,0.0,0.0,49.0,0.0,2.0,231.0,2471.0,0.0,2.0,0.0,62.0,0.0,11.0,7.0,1.0,0.0,4.0,0.0,4.0,11.0,0.0,13.0,0.0,1.0,3.0,3.0,0.0,85.0,0.0,0.0,1169.8513019701077,80,0.36363636363636365,0.0
71,Damian,3,2,0,0,0,1,0,0,0,0,2,2,0,0,0,0,0,0,3,2,1,0,0,0,0,0,0,1,150.0,1.0,2.0,1.0,2.0,1.0,0.0,0.0,0.0,0.0,0.0,0.0,0.0,0.0,0.0,0.0,0.0,10.0,0.0,1.0,150.0,1380.0,0.0,2.0,2.0,62.0,0.0,3.0,3.0,0.0,0.0,2.0,2.0,1.0,12.0,2.0,0.0,0.0,0.0,1.0,0.0,1.0,40.0,0.0,0.0,1110.9784602384157,40,0.6666666666666666,1.0
72,gummytribble,41,20,0,0,0,0,0,0,1,0,2,0,11,5,4,1,16,1,4,5,21,19,8,2,22,1,0,1,764.0,3.0,2.0,1.0,0.0,15.0,11.0,14.0,5.0,3.0,4.0,1.0,1.0,4.0,16.0,0.0,1.0,105.0,0.0,1.0,767.0,1657.0,447.0,4.0,0.0,88.0,1.0,41.0,22.0,15.0,0.0,20.0,5.0,1.0,50.0,1.0,4.0,5.0,1.0,6.0,2.0,0.0,10.0,0.0,0.0,1166.040845272201,10,0.4878048780487805,1.0
73,Kojack,6,2,0,0,0,0,0,0,0,1,1,1,1,1,0,0,0,0,2,4,3,1,2,0,0,0,0,1,157.0,2.0,1.0,2.0,1.0,1.0,1.0,1.0,1.0,0.0,0.0,0.0,0.0,0.0,0.0,0.0,0.0,11.0,0.0,1.0,165.0,2990.0,0.0,1.0,0.0,64.0,0.0,6.0,4.0,0.0,0.0,2.0,0.0,0.0,5.0,0.0,0.0,0.0,0.0,2.0,2.0,0.0,30.0,0.0,0.0,1176.8167461853222,22,0.3333333333333333,0.0
74,Silver,17,11,1,0,0,0,0,0,0,0,1,9,3,1,4,2,1,1,2,11,6,1,6,4,3,1,0,1,453.0,0.0,1.0,9.0,9.0,4.0,3.0,0.0,1.0,1.0,4.0,2.0,2.0,1.0,1.0,0.0,1.0,41.0,0.0,1.0,462.0,0.0,0.0,7.0,0.0,69.0,1.0,17.0,11.0,4.0,2.0,11.0,2.0,1.0,16.0,0.0,0.0,1.0,1.0,3.0,1.0,1.0,462.0,766.0,275.0,1207.505278448057,453,0.6470588235294118,0.0
75,bobabell,25,8,0,0,0,0,0,0,0,1,0,4,1,1,1,7,1,1,4,13,4,6,4,15,2,2,0,1,312.0,1.0,0.0,10.0,4.0,3.0,1.0,5.0,1.0,2.0,1.0,0.0,7.0,2.0,1.0,2.0,1.0,73.0,0.0,0.0,321.0,0.0,0.0,3.0,0.0,71.0,2.0,25.0,15.0,1.0,0.0,8.0,9.0,2.0,16.0,3.0,0.0,2.0,1.0,7.0,1.0,7.0,321.0,1755.0,17.0,980.3127221709689,312,0.32,1.0
76,CannyCaracal,26,12,0,0,0,1,0,0,0,0,4,2,1,10,1,1,0,5,7,8,8,13,6,2,1,7,0,1,451.0,2.0,4.0,1.0,2.0,4.0,1.0,13.0,10.0,4.0,1.0,1.0,1.0,0.0,0.0,1.0,5.0,83.0,0.0,1.0,451.0,0.0,0.0,4.0,4.0,73.0,1.0,26.0,13.0,1.0,1.0,12.0,1.0,2.0,10.0,0.0,3.0,4.0,1.0,6.0,0.0,3.0,451.0,1680.0,215.0,1086.5050435631306,451,0.46153846153846156,1.0
77,Kush,7,4,0,0,0,0,0,0,1,0,0,1,4,3,0,0,0,0,0,1,7,6,0,0,0,0,0,1,207.0,0.0,0.0,0.0,1.0,1.0,4.0,6.0,3.0,0.0,0.0,0.0,0.0,0.0,0.0,0.0,0.0,12.0,1.0,1.0,207.0,4125.0,0.0,2.0,1.0,61.0,0.0,7.0,7.0,2.0,0.0,4.0,0.0,0.0,15.0,0.0,0.0,0.0,0.0,1.0,0.0,0.0,112.0,0.0,0.0,1205.739965999217,112,0.5714285714285714,0.0
78,Vinc0310,7,3,0,0,0,0,0,0,1,0,0,0,3,3,0,0,0,0,1,2,5,4,1,1,0,0,0,1,237.0,0.0,0.0,1.0,0.0,1.0,3.0,4.0,3.0,1.0,0.0,0.0,0.0,0.0,0.0,0.0,0.0,8.0,2.0,1.0,237.0,0.0,0.0,2.0,0.0,68.0,0.0,7.0,5.0,1.0,0.0,3.0,0.0,0.0,10.0,0.0,8.0,0.0,0.0,4.0,4.0,0.0,237.0,2236.0,0.0,1135.4449898423356,237,0.42857142857142855,0.0
79,Williscraft,5,1,0,0,0,1,0,0,0,0,0,1,1,0,0,0,0,0,1,4,4,1,0,0,0,0,0,1,154.0,0.0,0.0,0.0,1.0,4.0,1.0,1.0,0.0,0.0,0.0,0.0,0.0,0.0,0.0,0.0,0.0,20.0,0.0,1.0,154.0,0.0,0.0,1.0,0.0,62.0,0.0,5.0,4.0,0.0,0.0,1.0,3.0,9.0,6.0,1.0,10.0,0.0,0.0,3.0,3.0,3.0,58.0,938.0,0.0,1051.8538012042354,58,0.2,1.0
80,pigeon,30,13,0,0,0,1,0,0,0,0,4,4,3,1,1,2,9,2,11,5,8,9,3,4,17,3,0,1,579.0,3.0,4.0,3.0,4.0,7.0,3.0,9.0,1.0,2.0,1.0,3.0,2.0,1.0,9.0,2.0,2.0,97.0,0.0,1.0,579.0,1265.0,453.0,3.0,0.0,80.0,3.0,30.0,17.0,5.0,0.0,13.0,4.0,3.0,4.0,1.0,0.0,6.0,1.0,4.0,3.0,0.0,10.0,0.0,0.0,1185.4372392751168,10,0.43333333333333335,1.0
81,AMrza99,13,5,1,0,0,0,0,0,0,0,2,1,3,2,1,1,0,0,4,4,6,4,2,4,0,0,0,1,318.0,2.0,2.0,3.0,1.0,3.0,3.0,3.0,2.0,0.0,1.0,1.0,1.0,0.0,0.0,0.0,0.0,39.0,2.0,1.0,318.0,0.0,0.0,2.0,0.0,70.0,0.0,12.0,6.0,0.0,0.0,5.0,1.0,1.0,13.0,0.0,8.0,0.0,0.0,2.0,1.0,2.0,277.0,2108.0,50.0,1113.975143881808,277,0.38461538461538464,0.0
82,whiplash,41,21,0,0,0,0,0,0,0,1,6,3,1,1,4,14,0,13,10,10,4,3,8,24,2,21,0,1,998.0,5.0,6.0,7.0,3.0,1.0,1.0,2.0,1.0,4.0,4.0,17.0,14.0,0.0,0.0,5.0,13.0,169.0,0.0,1.0,1008.0,2008.0,785.0,6.0,2.0,84.0,2.0,41.0,24.0,3.0,0.0,21.0,1.0,0.0,43.0,0.0,12.0,4.0,1.0,6.0,0.0,0.0,0.0,0.0,0.0,1205.6977643456478,0,0.5121951219512195,0.0
83,Finlad,25,17,0,0,0,0,0,0,1,0,1,7,8,4,4,0,6,4,1,10,12,5,8,1,6,5,0,1,782.0,0.0,1.0,7.0,7.0,4.0,8.0,2.0,4.0,7.0,4.0,0.0,0.0,4.0,6.0,0.0,4.0,112.0,1.0,1.0,782.0,0.0,0.0,4.0,0.0,81.0,1.0,24.0,12.0,3.0,0.0,17.0,0.0,1.0,27.0,1.0,4.0,3.0,1.0,3.0,1.0,7.0,744.0,611.0,648.0,1630.4198598305982,744,0.68,1.0
84,probablyrob,33,15,0,0,0,0,1,0,0,0,0,0,6,9,0,2,4,9,1,4,13,16,4,8,6,14,0,1,695.0,0.0,0.0,3.0,0.0,4.0,6.0,14.0,9.0,1.0,0.0,6.0,2.0,2.0,4.0,3.0,9.0,121.0,0.0,1.0,695.0,1992.0,297.0,6.0,2.0,79.0,1.0,33.0,16.0,5.0,0.0,15.0,13.0,18.0,1.0,3.0,0.0,5.0,1.0,6.0,0.0,0.0,10.0,0.0,0.0,1159.6231273103924,10,0.45454545454545453,0.0
85,LewisDyer,21,9,0,0,0,0,0,1,0,0,0,4,3,5,3,1,2,0,2,9,7,11,8,2,3,0,0,1,400.0,1.0,0.0,2.0,4.0,4.0,3.0,9.0,5.0,3.0,3.0,1.0,1.0,1.0,2.0,0.0,0.0,30.0,0.0,1.0,400.0,539.0,122.0,3.0,3.0,74.0,0.0,21.0,11.0,1.0,1.0,9.0,2.0,1.0,21.0,0.0,2.0,2.0,1.0,4.0,0.0,0.0,10.0,0.0,0.0,1170.4173029432425,10,0.42857142857142855,0.0
86,Shanys,7,3,0,0,1,0,0,0,0,0,0,1,2,3,0,0,0,0,1,2,4,7,0,0,0,0,0,1,251.0,1.0,0.0,0.0,1.0,3.0,2.0,3.0,3.0,0.0,0.0,0.0,0.0,0.0,0.0,0.0,0.0,17.0,1.0,1.0,251.0,930.0,90.0,2.0,1.0,63.0,0.0,7.0,7.0,0.0,0.0,3.0,1.0,18.0,1.0,1.0,0.0,0.0,0.0,3.0,0.0,0.0,0.0,0.0,0.0,1194.9503857154323,0,0.42857142857142855,0.0
87,Manakish,46,25,0,0,0,1,0,0,0,0,3,3,11,0,1,1,21,10,10,10,17,2,4,2,31,16,0,1,1320.0,4.0,3.0,9.0,3.0,15.0,11.0,2.0,0.0,0.0,1.0,0.0,1.0,1.0,21.0,15.0,10.0,51.0,0.0,1.0,1320.0,3305.0,463.0,6.0,0.0,88.0,2.0,46.0,31.0,15.0,1.0,25.0,0.0,0.0,49.0,0.0,4.0,7.0,1.0,6.0,1.0,0.0,10.0,0.0,0.0,1222.2144249648711,10,0.5434782608695652,0.0
88,Benlog,28,15,0,1,0,0,0,0,0,0,3,2,9,5,2,2,2,5,6,7,14,6,3,6,7,7,0,1,757.0,3.0,3.0,4.0,2.0,12.0,9.0,3.0,5.0,0.0,2.0,3.0,2.0,1.0,2.0,2.0,5.0,69.0,0.0,1.0,769.0,4226.0,50.0,5.0,0.0,78.0,3.0,28.0,14.0,5.0,1.0,15.0,0.0,0.0,27.0,0.0,2.0,1.0,1.0,4.0,1.0,0.0,0.0,0.0,0.0,1204.5577621357309,0,0.5357142857142857,1.0
89,GReat,8,3,0,0,0,1,0,0,0,0,2,2,1,1,0,0,0,0,3,5,2,5,1,0,0,0,0,1,174.0,1.0,2.0,3.0,2.0,1.0,1.0,3.0,1.0,0.0,0.0,0.0,0.0,0.0,0.0,0.0,0.0,26.0,0.0,0.0,174.0,598.0,0.0,2.0,1.0,62.0,0.0,8.0,5.0,0.0,1.0,3.0,2.0,0.0,11.0,0.0,0.0,0.0,0.0,3.0,0.0,0.0,0.0,0.0,0.0,1191.6409546903103,0,0.375,1.0
90,Kjreid,15,6,0,0,0,0,0,0,0,1,5,2,3,1,1,0,0,0,12,5,6,2,5,0,0,0,0,1,305.0,3.0,5.0,4.0,2.0,3.0,3.0,2.0,1.0,3.0,1.0,0.0,0.0,0.0,0.0,0.0,0.0,46.0,0.0,0.0,305.0,462.0,0.0,2.0,0.0,72.0,0.0,15.0,12.0,2.0,0.0,6.0,6.0,4.0,12.0,1.0,0.0,0.0,0.0,2.0,2.0,0.0,0.0,0.0,0.0,1183.980547649321,0,0.4,1.0
91,Significance,32,16,0,0,0,0,0,0,1,0,9,2,3,9,3,2,1,3,13,4,10,11,8,4,5,7,0,1,809.0,7.0,9.0,1.0,2.0,4.0,3.0,9.0,9.0,6.0,3.0,1.0,2.0,0.0,1.0,3.0,3.0,56.0,0.0,0.0,824.0,0.0,0.0,9.0,0.0,82.0,4.0,31.0,13.0,8.0,0.0,16.0,2.0,2.0,35.0,0.0,13.0,3.0,1.0,7.0,1.0,1.0,787.0,1463.0,90.0,1236.8779043720492,772,0.5,0.0
92,sidb,30,16,0,0,0,0,0,0,1,0,4,6,6,6,1,1,3,5,5,11,13,10,2,4,4,11,0,1,705.0,3.0,4.0,5.0,6.0,11.0,6.0,8.0,6.0,2.0,1.0,0.0,1.0,1.0,3.0,0.0,5.0,99.0,0.0,0.0,705.0,665.0,503.0,5.0,1.0,92.0,2.0,30.0,13.0,3.0,0.0,16.0,6.0,3.0,28.0,0.0,132.0,4.0,1.0,3.0,0.0,0.0,0.0,0.0,0.0,1206.7145675564946,0,0.5333333333333333,0.0
93,OKaemii,29,11,0,1,0,0,0,0,0,0,3,2,6,0,4,1,2,4,6,5,14,1,12,3,6,11,0,1,586.0,3.0,3.0,3.0,2.0,8.0,6.0,1.0,0.0,6.0,4.0,1.0,1.0,4.0,2.0,3.0,4.0,87.0,0.0,0.0,586.0,2919.0,0.0,3.0,1.0,72.0,1.0,29.0,14.0,5.0,1.0,11.0,4.0,3.0,32.0,2.0,35.0,4.0,1.0,5.0,0.0,0.0,0.0,0.0,0.0,1173.1744386276962,0,0.3793103448275862,1.0
94,BestWilliam,50,32,0,1,0,0,0,0,0,0,19,1,24,3,10,3,3,1,28,2,39,5,15,3,3,1,0,1,1131.0,10.0,19.0,0.0,1.0,28.0,24.0,4.0,3.0,4.0,10.0,1.0,3.0,1.0,3.0,0.0,1.0,174.0,0.0,0.0,1131.0,55.0,1001.0,9.0,3.0,100.0,1.0,48.0,39.0,14.0,2.0,32.0,13.0,1.0,41.0,0.0,0.0,13.0,1.0,3.0,0.0,0.0,0.0,0.0,0.0,1262.8011080415736,0,0.64,0.0
95,cats,19,11,0,0,0,0,0,0,1,0,11,2,3,1,2,1,1,1,19,4,5,1,2,3,2,2,0,1,533.0,1.0,11.0,4.0,2.0,5.0,3.0,0.0,1.0,2.0,2.0,3.0,1.0,2.0,1.0,2.0,1.0,50.0,0.0,0.0,546.0,242.0,402.0,8.0,0.0,87.0,1.0,19.0,19.0,0.0,0.0,11.0,1.0,1.0,19.0,0.0,26.0,2.0,1.0,3.0,2.0,0.0,0.0,0.0,0.0,1212.0797870442193,0,0.5789473684210527,0.0
96,Mando,6,2,0,1,0,0,0,0,0,0,2,1,1,0,0,0,0,0,6,4,2,0,0,0,0,0,0,1,130.0,1.0,2.0,3.0,1.0,2.0,1.0,0.0,0.0,0.0,0.0,0.0,0.0,0.0,0.0,0.0,0.0,9.0,0.0,1.0,130.0,493.0,0.0,1.0,1.0,62.0,0.0,6.0,6.0,0.0,0.0,2.0,2.0,1.0,3.0,1.0,0.0,1.0,0.0,4.0,0.0,0.0,20.0,0.0,0.0,1167.3504910542206,20,0.3333333333333333,0.0
97,Alliyana,24,11,0,1,0,0,0,0,0,0,2,3,5,0,0,5,6,1,4,10,9,2,1,9,11,2,0,1,472.0,3.0,2.0,3.0,3.0,9.0,5.0,2.0,0.0,0.0,0.0,5.0,5.0,1.0,6.0,1.0,1.0,58.0,0.0,0.0,472.0,811.0,336.0,2.0,0.0,72.0,1.0,24.0,11.0,3.0,1.0,11.0,0.0,0.0,33.0,0.0,0.0,1.0,1.0,3.0,0.0,0.0,0.0,0.0,0.0,1191.7656694295497,0,0.4583333333333333,0.0
98,cute320215,9,6,0,0,0,0,0,0,1,0,6,0,5,1,0,0,0,0,8,1,8,1,0,0,0,0,0,1,472.0,3.0,6.0,0.0,0.0,5.0,5.0,1.0,1.0,0.0,0.0,0.0,0.0,0.0,0.0,0.0,0.0,17.0,0.0,1.0,472.0,2829.0,83.0,4.0,0.0,76.0,0.0,9.0,8.0,2.0,0.0,6.0,3.0,1.0,14.0,0.0,4.0,1.0,0.0,2.0,0.0,0.0,10.0,0.0,0.0,1213.3356119070813,10,0.6666666666666666,1.0
99,GraeChan,9,3,0,0,0,0,0,0,0,1,3,1,2,0,0,0,0,0,9,3,3,1,2,0,0,0,0,1,193.0,0.0,3.0,3.0,1.0,3.0,2.0,1.0,0.0,2.0,0.0,0.0,0.0,0.0,0.0,0.0,0.0,8.0,0.0,0.0,198.0,4012.0,0.0,1.0,0.0,62.0,0.0,9.0,9.0,0.0,0.0,3.0,2.0,2.0,16.0,2.0,24.0,0.0,0.0,3.0,3.0,0.0,0.0,0.0,0.0,1189.2647751697284,0,0.3333333333333333,1.0
100,mosam1311,10,5,0,0,0,1,0,0,0,0,2,1,1,2,0,1,2,1,3,2,3,5,2,1,3,1,0,1,398.0,1.0,2.0,0.0,1.0,2.0,1.0,4.0,2.0,2.0,0.0,0.0,1.0,1.0,2.0,0.0,1.0,10.0,0.0,0.0,398.0,3832.0,0.0,2.0,1.0,67.0,1.0,10.0,5.0,0.0,0.0,5.0,0.0,0.0,13.0,0.0,3.0,0.0,1.0,3.0,0.0,0.0,0.0,0.0,0.0,1198.433510493998,0,0.5,0.0
101,Michael,33,17,1,0,0,0,0,0,0,0,2,0,12,1,13,1,1,4,4,2,25,1,23,3,1,5,0,1,824.0,0.0,2.0,0.0,0.0,19.0,12.0,1.0,1.0,10.0,13.0,2.0,1.0,0.0,1.0,0.0,4.0,103.0,1.0,1.0,824.0,0.0,0.0,9.0,3.0,82.0,1.0,32.0,25.0,4.0,0.0,17.0,2.0,1.0,21.0,1.0,3.0,1.0,1.0,5.0,0.0,6.0,784.0,2070.0,504.0,1414.4300545614478,784,0.5151515151515151,0.0
102,umachan,66,22,0,0,0,0,0,0,0,1,12,0,5,2,8,6,9,2,33,7,12,7,24,12,28,7,0,1,994.0,13.0,12.0,2.0,0.0,5.0,5.0,4.0,2.0,14.0,8.0,7.0,6.0,17.0,9.0,3.0,2.0,202.0,0.0,1.0,963.0,3170.0,742.0,3.0,0.0,81.0,7.0,65.0,33.0,8.0,0.0,22.0,13.0,0.0,57.0,1.0,28.0,11.0,1.0,7.0,2.0,0.0,0.0,0.0,0.0,1133.708883861295,0,0.3333333333333333,0.0
103,MhairiM,24,11,0,0,0,1,0,0,0,0,2,4,4,1,1,4,0,6,3,11,8,1,4,8,2,11,0,1,596.0,2.0,2.0,4.0,4.0,7.0,4.0,1.0,1.0,2.0,1.0,5.0,4.0,0.0,0.0,3.0,6.0,104.0,0.0,1.0,596.0,3892.0,0.0,3.0,1.0,76.0,1.0,24.0,11.0,2.0,3.0,11.0,1.0,0.0,9.0,1.0,16.0,3.0,1.0,3.0,0.0,0.0,316.0,2711.0,0.0,1147.9012385531728,316,0.4583333333333333,1.0
104,Anakhand,29,8,0,1,0,0,0,0,0,0,1,0,3,3,6,1,0,2,3,7,9,8,18,5,2,4,1,0,535.0,2.0,1.0,3.0,0.0,5.0,3.0,8.0,3.0,2.0,6.0,4.0,1.0,0.0,0.0,4.0,2.0,85.0,3.0,1.0,535.0,0.0,0.0,3.0,0.0,75.0,2.0,28.0,18.0,2.0,0.0,8.0,3.0,2.0,35.0,0.0,0.0,1.0,1.0,6.0,1.0,3.0,496.0,2013.0,0.0,1029.8809928586882,496,0.27586206896551724,1.0
105,ruadh_mor,32,12,0,0,0,0,1,0,0,0,12,0,0,12,0,0,0,0,30,2,3,27,1,1,0,0,0,1,456.0,6.0,12.0,0.0,0.0,3.0,0.0,22.0,12.0,0.0,0.0,1.0,0.0,0.0,0.0,0.0,0.0,122.0,0.0,1.0,456.0,831.0,185.0,4.0,0.0,80.0,0.0,32.0,30.0,2.0,0.0,12.0,1.0,0.0,47.0,0.0,10.0,3.0,0.0,5.0,5.0,0.0,10.0,0.0,0.0,1131.6648421450845,10,0.375,0.0
106,Jhannah,115,62,0,0,0,1,0,0,0,0,0,2,28,0,31,2,38,23,1,8,51,3,51,5,66,35,0,1,2227.0,0.0,0.0,2.0,2.0,36.0,28.0,2.0,0.0,13.0,31.0,3.0,2.0,36.0,38.0,18.0,23.0,506.0,1.0,1.0,2227.0,0.0,0.0,8.0,0.0,92.0,1.0,110.0,66.0,33.0,3.0,62.0,9.0,6.0,83.0,6.0,0.0,25.0,1.0,6.0,1.0,12.0,1976.0,1675.0,1846.0,86.62629260927878,1976,0.5391304347826087,0.0
107,jaymoney,44,26,0,1,0,0,0,0,0,0,5,6,5,10,9,1,3,13,6,9,7,20,17,2,4,21,0,1,1329.0,0.0,5.0,0.0,6.0,6.0,5.0,17.0,10.0,17.0,9.0,1.0,1.0,0.0,3.0,2.0,13.0,90.0,1.0,1.0,1299.0,0.0,0.0,5.0,1.0,87.0,2.0,43.0,21.0,7.0,1.0,26.0,1.0,0.0,52.0,1.0,33.0,5.0,1.0,4.0,0.0,1.0,1255.0,1973.0,638.0,1329.3137384321112,1285,0.5909090909090909,0.0
108,bladestoe,57,24,0,0,0,0,0,0,0,1,1,1,9,0,17,2,12,6,1,4,23,1,33,3,24,21,0,1,1007.0,0.0,1.0,1.0,1.0,20.0,9.0,1.0,0.0,13.0,17.0,0.0,2.0,9.0,12.0,11.0,6.0,160.0,0.0,0.0,1014.0,2863.0,413.0,4.0,0.0,85.0,1.0,55.0,33.0,11.0,1.0,24.0,7.0,0.0,58.0,8.0,6.0,9.0,1.0,8.0,1.0,0.0,0.0,0.0,0.0,1174.9412439073149,0,0.42105263157894735,1.0
109,deathseeker,46,20,0,0,0,0,0,0,1,0,0,0,20,6,1,1,0,12,4,1,45,15,3,3,1,20,0,1,1033.0,2.0,0.0,1.0,0.0,30.0,20.0,10.0,6.0,0.0,1.0,2.0,1.0,0.0,0.0,1.0,12.0,168.0,0.0,1.0,999.0,3030.0,0.0,10.0,0.0,82.0,1.0,46.0,45.0,4.0,0.0,20.0,4.0,0.0,37.0,5.0,7.0,7.0,1.0,7.0,0.0,0.0,644.0,841.0,273.0,1151.4593866802625,678,0.43478260869565216,0.0
110,jonildo,47,18,0,1,0,0,0,0,0,0,2,4,9,2,5,3,6,5,6,10,14,2,10,6,9,9,0,1,1435.0,0.0,2.0,7.0,4.0,13.0,9.0,2.0,2.0,10.0,5.0,1.0,3.0,0.0,6.0,0.0,5.0,20.0,2.0,2.0,1435.0,2787.0,1089.0,6.0,0.0,85.0,2.0,33.0,14.0,9.0,0.0,18.0,3.0,12.0,38.0,2.0,0.0,3.0,1.0,3.0,1.0,1.0,10.0,0.0,0.0,1179.1421256212611,10,0.3829787234042553,0.0
111,norgart,51,23,1,0,0,0,0,0,0,0,2,6,6,4,5,1,8,14,6,12,12,9,13,4,11,29,0,1,1210.0,3.0,2.0,3.0,6.0,11.0,6.0,9.0,4.0,9.0,5.0,2.0,1.0,7.0,8.0,4.0,14.0,122.0,0.0,0.0,1210.0,1889.0,569.0,6.0,0.0,86.0,4.0,48.0,29.0,10.0,0.0,23.0,1.0,9.0,56.0,0.0,34.0,7.0,1.0,6.0,0.0,0.0,0.0,0.0,0.0,1195.7672533593318,0,0.45098039215686275,0.0
112,alcam456,92,45,0,0,0,0,0,0,0,1,18,13,12,4,8,5,12,18,31,27,27,11,20,10,23,29,0,1,1990.0,17.0,18.0,10.0,13.0,20.0,12.0,10.0,4.0,7.0,8.0,5.0,5.0,4.0,12.0,16.0,18.0,160.0,1.0,1.0,1990.0,0.0,0.0,7.0,0.0,90.0,10.0,89.0,31.0,10.0,2.0,45.0,1.0,1.0,101.0,0.0,0.0,15.0,1.0,5.0,1.0,0.0,1850.0,1684.0,1201.0,1454.47380929238,1850,0.4891304347826087,1.0
113,Gerr,36,19,1,0,0,0,0,0,0,0,0,4,14,4,12,1,3,0,1,5,27,9,23,1,6,0,0,1,937.0,1.0,0.0,1.0,4.0,15.0,14.0,8.0,4.0,9.0,12.0,0.0,1.0,2.0,3.0,0.0,0.0,65.0,0.0,1.0,937.0,1418.0,334.0,3.0,1.0,92.0,0.0,36.0,27.0,6.0,0.0,19.0,10.0,3.0,15.0,9.0,21.0,3.0,1.0,3.0,0.0,0.0,10.0,0.0,0.0,1176.3566836604537,10,0.5277777777777778,0.0
114,TheMaster,16,11,0,1,0,0,0,0,0,0,3,8,2,9,0,0,0,0,4,11,3,12,0,0,0,0,0,1,666.0,3.0,3.0,9.0,8.0,2.0,2.0,1.0,9.0,0.0,0.0,0.0,0.0,0.0,0.0,0.0,0.0,107.0,0.0,1.0,627.0,1179.0,477.0,10.0,0.0,85.0,0.0,15.0,12.0,3.0,0.0,11.0,15.0,17.0,14.0,9.0,0.0,1.0,0.0,2.0,2.0,4.0,150.0,0.0,0.0,997.3453557139201,189,0.6875,0.0
115,Sidthesloth,31,13,0,0,0,1,0,0,0,0,13,3,0,0,10,0,0,0,30,7,1,1,23,0,0,0,0,1,701.0,1.0,13.0,6.0,3.0,0.0,0.0,1.0,0.0,23.0,10.0,0.0,0.0,0.0,0.0,0.0,0.0,21.0,0.0,2.0,711.0,3637.0,54.0,5.0,0.0,76.0,0.0,31.0,30.0,2.0,2.0,13.0,0.0,0.0,39.0,1.0,12.0,2.0,0.0,5.0,5.0,0.0,31.0,0.0,0.0,1134.1843876012322,21,0.41935483870967744,1.0
116,CalHaribo,48,26,0,0,0,1,0,0,0,0,2,3,8,18,5,8,1,7,3,9,17,26,7,16,4,14,0,1,1092.0,1.0,2.0,4.0,3.0,10.0,8.0,7.0,18.0,3.0,5.0,12.0,8.0,2.0,1.0,9.0,7.0,129.0,0.0,1.0,1092.0,1592.0,942.0,4.0,3.0,93.0,3.0,48.0,26.0,3.0,3.0,26.0,0.0,1.0,40.0,0.0,0.0,4.0,1.0,9.0,0.0,0.0,10.0,0.0,0.0,1221.4932805463313,10,0.5416666666666666,1.0
117,Lotua,24,14,1,0,0,0,0,0,0,0,1,5,4,4,7,0,3,4,4,9,6,9,8,1,4,5,0,1,1015.0,2.0,1.0,6.0,5.0,5.0,4.0,6.0,4.0,3.0,7.0,0.0,0.0,0.0,3.0,1.0,4.0,13.0,0.0,3.0,1015.0,0.0,0.0,5.0,5.0,82.0,1.0,23.0,9.0,4.0,1.0,14.0,7.0,0.0,24.0,1.0,0.0,5.0,1.0,3.0,0.0,5.0,961.0,10925.0,0.0,1286.5610773569963,961,0.5833333333333334,0.0
118,Nonni,80,32,0,0,0,0,0,0,0,1,3,24,3,5,0,23,4,2,13,48,13,21,2,42,16,5,0,1,1403.0,3.0,3.0,2.0,24.0,6.0,3.0,20.0,5.0,0.0,0.0,39.0,23.0,7.0,4.0,3.0,2.0,357.0,0.0,1.0,1403.0,3092.0,282.0,7.0,0.0,88.0,2.0,80.0,48.0,6.0,2.0,32.0,3.0,1.0,89.0,3.0,4.0,12.0,1.0,7.0,1.0,0.0,334.0,1931.0,0.0,1161.2037989046223,334,0.4,0.0
119,Jamie,270,145,0,0,0,0,0,1,0,0,101,1,13,1,10,91,2,71,176,3,29,3,23,162,10,132,0,1,4230.0,59.0,101.0,3.0,1.0,13.0,13.0,1.0,1.0,12.0,10.0,81.0,91.0,6.0,2.0,94.0,71.0,1401.0,0.0,1.0,4230.0,1574.0,3639.0,7.0,0.0,100.0,3.0,269.0,176.0,31.0,4.0,145.0,57.0,20.0,187.0,20.0,3.0,86.0,1.0,6.0,1.0,0.0,10.0,0.0,0.0,1258.2069066796757,10,0.5370370370370371,0.0
120,Etess,129,73,0,0,0,1,0,0,0,0,5,35,9,1,33,16,1,46,7,59,22,1,59,24,1,81,0,1,2345.0,2.0,5.0,7.0,35.0,21.0,9.0,1.0,1.0,56.0,33.0,21.0,16.0,0.0,1.0,19.0,46.0,342.0,0.0,1.0,2345.0,933.0,1855.0,6.0,0.0,99.0,1.0,127.0,81.0,22.0,1.0,73.0,16.0,4.0,123.0,13.0,64.0,19.0,1.0,8.0,1.0,0.0,10.0,0.0,0.0,1231.6428879445868,10,0.5658914728682171,1.0
121,pool27,115,52,0,0,0,0,0,0,1,0,1,6,15,13,21,6,27,15,2,13,32,36,42,13,63,29,0,1,1867.0,1.0,1.0,8.0,6.0,24.0,15.0,21.0,13.0,24.0,21.0,6.0,6.0,23.0,27.0,8.0,15.0,504.0,0.0,1.0,1877.0,1817.0,1449.0,3.0,0.0,94.0,2.0,115.0,63.0,25.0,1.0,52.0,11.0,0.0,115.0,5.0,0.0,26.0,1.0,5.0,1.0,0.0,149.0,658.0,77.0,1171.1716031691303,139,0.45217391304347826,0.0
122,chins,57,25,0,0,0,1,0,0,0,0,2,25,1,0,6,16,0,0,4,52,4,1,17,34,0,0,0,1,1308.0,3.0,2.0,9.0,25.0,3.0,1.0,1.0,0.0,10.0,6.0,30.0,16.0,0.0,0.0,0.0,0.0,187.0,2.0,1.0,1318.0,0.0,0.0,4.0,0.0,86.0,0.0,56.0,52.0,4.0,4.0,25.0,0.0,0.0,95.0,0.0,4.0,6.0,0.0,5.0,2.0,0.0,1285.0,4843.0,727.0,962.8567346118282,1275,0.43859649122807015,1.0
123,Andy,90,51,0,0,0,0,0,1,0,0,1,10,16,21,4,27,3,20,4,17,26,36,11,49,7,30,0,1,2240.0,1.0,1.0,4.0,10.0,23.0,16.0,35.0,21.0,4.0,4.0,6.0,27.0,4.0,3.0,13.0,20.0,319.0,3.0,1.0,2245.0,0.0,0.0,6.0,0.0,91.0,4.0,90.0,49.0,11.0,3.0,51.0,4.0,1.0,99.0,0.0,21.0,12.0,1.0,6.0,1.0,2.0,2245.0,2280.0,1313.0,2179.9652290436593,2240,0.5666666666666667,1.0
124,charlotte,85,34,0,0,0,0,0,0,1,0,8,2,16,1,26,9,0,6,17,7,38,2,69,21,1,13,0,1,1546.0,6.0,8.0,4.0,2.0,37.0,16.0,2.0,1.0,13.0,26.0,14.0,9.0,0.0,0.0,8.0,6.0,241.0,0.0,0.0,1546.0,2753.0,1017.0,4.0,1.0,88.0,1.0,84.0,69.0,14.0,2.0,34.0,0.0,1.0,83.0,0.0,0.0,23.0,1.0,8.0,0.0,0.0,0.0,0.0,0.0,1156.306617387671,0,0.4,0.0
125,vinl,57,25,0,0,1,0,0,0,0,0,3,1,9,9,6,6,1,15,9,5,14,18,19,12,4,31,0,1,1410.0,4.0,3.0,2.0,1.0,12.0,9.0,6.0,9.0,13.0,6.0,9.0,6.0,3.0,1.0,7.0,15.0,151.0,0.0,3.0,1410.0,0.0,0.0,4.0,1.0,87.0,4.0,56.0,31.0,5.0,3.0,25.0,17.0,0.0,1.0,8.0,2.0,21.0,1.0,5.0,0.0,16.0,1355.0,7807.0,0.0,1668.7331761743587,1355,0.43859649122807015,0.0
126,demander,38,14,0,1,0,0,0,0,0,0,2,1,10,7,2,1,3,2,5,4,23,10,7,5,14,8,0,1,735.0,1.0,2.0,3.0,1.0,18.0,10.0,4.0,7.0,5.0,2.0,2.0,1.0,2.0,3.0,3.0,2.0,156.0,0.0,1.0,744.0,2423.0,481.0,3.0,0.0,88.0,4.0,38.0,23.0,4.0,1.0,14.0,0.0,5.0,24.0,1.0,0.0,5.0,1.0,4.0,3.0,5.0,120.0,0.0,0.0,1087.8992663571416,111,0.3684210526315789,1.0
127,Sabotage,54,24,0,0,0,0,1,0,0,0,1,0,0,3,0,0,23,21,5,4,2,6,4,3,43,39,0,1,1172.0,1.0,1.0,3.0,0.0,1.0,0.0,5.0,3.0,4.0,0.0,0.0,0.0,37.0,23.0,2.0,21.0,63.0,0.0,2.0,1172.0,836.0,450.0,7.0,0.0,88.0,2.0,53.0,43.0,7.0,3.0,24.0,18.0,2.0,2.0,9.0,29.0,4.0,1.0,7.0,3.0,0.0,10.0,0.0,0.0,1184.429242420894,10,0.4444444444444444,0.0
128,kubajj,216,116,0,1,0,0,0,0,0,0,21,4,76,3,8,8,95,17,34,13,128,8,23,16,164,46,0,1,3434.0,18.0,21.0,10.0,4.0,120.0,76.0,7.0,3.0,17.0,8.0,9.0,8.0,22.0,95.0,13.0,17.0,739.0,0.0,1.0,3434.0,941.0,2929.0,12.0,0.0,99.0,8.0,216.0,164.0,68.0,3.0,116.0,24.0,7.0,234.0,15.0,18.0,58.0,1.0,6.0,1.0,1.0,35.0,0.0,0.0,1261.7921298064646,35,0.5370370370370371,1.0
129,cwallis,189,93,0,1,0,0,0,0,0,0,25,3,11,20,27,30,15,55,41,11,26,43,52,54,32,117,0,1,3007.0,24.0,25.0,5.0,3.0,12.0,11.0,19.0,20.0,23.0,27.0,27.0,30.0,10.0,15.0,68.0,55.0,772.0,0.0,0.0,3032.0,1353.0,2439.0,5.0,0.0,96.0,11.0,188.0,117.0,25.0,7.0,93.0,37.0,11.0,64.0,50.0,0.0,57.0,1.0,5.0,4.0,0.0,0.0,0.0,0.0,1192.2888177638108,0,0.49206349206349204,0.0
130,Tharry0,54,21,1,0,0,0,0,0,0,0,17,17,3,3,1,1,0,0,44,37,16,8,2,1,0,0,0,1,1055.0,19.0,17.0,14.0,17.0,11.0,3.0,8.0,3.0,1.0,1.0,1.0,1.0,0.0,0.0,0.0,0.0,132.0,4.0,1.0,1055.0,0.0,0.0,3.0,3.0,82.0,0.0,54.0,44.0,6.0,0.0,21.0,4.0,1.0,64.0,5.0,28.0,7.0,0.0,6.0,0.0,6.0,1055.0,10429.0,588.0,648.8608254220169,1055,0.3888888888888889,0.0
131,Jules,35,15,0,0,0,0,1,0,0,0,4,1,4,5,4,3,6,3,10,4,9,11,10,9,10,7,0,1,1047.0,7.0,4.0,1.0,1.0,8.0,4.0,3.0,5.0,7.0,4.0,2.0,3.0,0.0,6.0,7.0,3.0,67.0,0.0,1.0,1047.0,0.0,0.0,2.0,0.0,84.0,4.0,35.0,11.0,6.0,0.0,15.0,10.0,0.0,6.0,6.0,5.0,7.0,1.0,4.0,2.0,6.0,1047.0,3675.0,0.0,975.9472911610687,1047,0.42857142857142855,0.0
132,walshy1066,77,40,1,0,0,0,0,0,0,0,4,7,35,0,2,2,22,8,8,16,62,1,8,8,34,15,0,1,1908.0,3.0,4.0,5.0,7.0,58.0,35.0,0.0,0.0,2.0,2.0,6.0,2.0,1.0,22.0,1.0,8.0,77.0,0.0,1.0,1908.0,3029.0,769.0,7.0,2.0,91.0,1.0,76.0,62.0,12.0,3.0,40.0,24.0,1.0,16.0,7.0,26.0,16.0,1.0,5.0,0.0,3.0,707.0,1657.0,52.0,1170.5927298514382,707,0.5194805194805194,1.0
133,rocinante,42,18,0,0,0,0,0,0,0,1,1,1,1,1,8,4,11,9,4,8,4,6,17,9,20,16,0,1,1162.0,1.0,1.0,6.0,1.0,1.0,1.0,5.0,1.0,6.0,8.0,5.0,4.0,8.0,11.0,10.0,9.0,57.0,0.0,1.0,1162.0,2899.0,0.0,3.0,2.0,85.0,4.0,42.0,20.0,7.0,1.0,18.0,1.0,3.0,60.0,0.0,46.0,4.0,1.0,6.0,0.0,0.0,387.0,3833.0,47.0,1014.4176971070783,387,0.42857142857142855,1.0
134,Marta,55,23,0,0,1,0,0,0,0,0,0,10,1,6,0,10,13,6,3,19,5,11,6,20,30,16,0,1,1014.0,1.0,0.0,9.0,10.0,3.0,1.0,10.0,6.0,3.0,0.0,14.0,10.0,3.0,13.0,12.0,6.0,154.0,0.0,1.0,1019.0,1989.0,611.0,4.0,0.0,88.0,3.0,55.0,30.0,5.0,1.0,23.0,0.0,0.0,55.0,3.0,2.0,4.0,1.0,5.0,4.0,0.0,30.0,0.0,0.0,1039.4356515256623,25,0.41818181818181815,1.0
135,Paddy,166,81,0,0,1,0,0,0,0,0,11,6,22,2,41,12,29,39,25,6,42,5,95,27,51,79,0,1,3112.0,11.0,11.0,4.0,6.0,36.0,22.0,5.0,2.0,2.0,41.0,27.0,12.0,2.0,29.0,78.0,39.0,645.0,0.0,0.0,3122.0,2213.0,2511.0,8.0,3.0,95.0,5.0,165.0,95.0,36.0,1.0,81.0,1.0,1.0,169.0,0.0,0.0,36.0,1.0,9.0,0.0,0.0,0.0,0.0,0.0,1172.8607175211616,185,0.4879518072289157,1.0
136,jack,81,30,1,0,0,0,0,0,0,0,2,15,25,15,0,2,1,0,2,41,75,39,2,2,1,0,0,1,1787.0,0.0,2.0,40.0,15.0,2.0,25.0,39.0,15.0,0.0,0.0,0.0,2.0,0.0,1.0,0.0,0.0,236.0,1.0,1.0,1787.0,3232.0,1112.0,7.0,1.0,93.0,0.0,81.0,75.0,10.0,0.0,30.0,0.0,2.0,104.0,0.0,36.0,9.0,1.0,10.0,0.0,0.0,399.0,397.0,178.0,1094.9002807088389,399,0.37037037037037035,1.0
137,Fbomb,208,103,0,0,0,1,0,0,0,0,1,2,3,0,16,6,98,80,5,10,17,1,28,10,193,152,1,0,4029.0,1.0,1.0,5.0,2.0,16.0,3.0,1.0,0.0,26.0,16.0,8.0,6.0,1.0,98.0,150.0,80.0,505.0,2.0,2.0,4034.0,3075.0,2336.0,8.0,0.0,97.0,1.0,208.0,193.0,57.0,1.0,103.0,0.0,3.0,245.0,0.0,15.0,56.0,1.0,7.0,4.0,0.0,295.0,88.0,200.0,1081.4485452783156,290,0.4951923076923077,0.0
138,Apollogize,63,33,1,0,0,0,0,0,0,0,6,32,1,1,25,1,0,0,11,61,1,1,46,3,1,0,0,1,1637.0,1.0,6.0,57.0,32.0,1.0,1.0,1.0,1.0,1.0,25.0,1.0,1.0,0.0,0.0,0.0,0.0,30.0,2.0,2.0,1637.0,3628.0,1.0,6.0,2.0,89.0,0.0,62.0,61.0,8.0,5.0,33.0,6.0,5.0,59.0,5.0,97.0,8.0,1.0,3.0,0.0,9.0,1243.0,1742.0,705.0,1309.5163150185467,1243,0.5238095238095238,1.0
139,BerrySauce,87,34,1,0,0,0,0,0,0,0,18,2,11,0,4,16,14,3,44,5,29,3,11,40,28,14,0,1,1738.0,18.0,18.0,2.0,2.0,24.0,11.0,1.0,0.0,3.0,4.0,24.0,16.0,10.0,14.0,5.0,3.0,223.0,0.0,0.0,1691.0,0.0,0.0,7.0,1.0,88.0,3.0,87.0,44.0,10.0,7.0,34.0,16.0,1.0,34.0,7.0,82.0,23.0,1.0,8.0,0.0,14.0,1691.0,3945.0,534.0,1212.0561706864457,1738,0.39080459770114945,0.0
140,creilly2,166,82,0,0,0,0,1,0,0,0,4,6,60,4,36,9,34,11,12,23,106,7,76,25,54,29,0,1,3216.0,2.0,4.0,6.0,6.0,99.0,60.0,1.0,4.0,6.0,36.0,19.0,9.0,6.0,34.0,27.0,11.0,638.0,2.0,1.0,3216.0,1494.0,1209.0,12.0,1.0,95.0,7.0,166.0,106.0,31.0,0.0,82.0,22.0,18.0,3.0,11.0,112.0,45.0,1.0,6.0,0.0,0.0,100.0,0.0,9.0,1192.7561189132894,100,0.4939759036144578,0.0
141,Ezzey,152,90,0,1,0,0,0,0,0,0,42,38,45,0,2,2,0,51,65,56,80,1,2,4,1,91,0,1,3710.0,7.0,42.0,56.0,38.0,80.0,45.0,0.0,0.0,1.0,2.0,3.0,2.0,0.0,0.0,3.0,51.0,326.0,0.0,0.0,3710.0,0.0,0.0,8.0,0.0,94.0,1.0,150.0,91.0,22.0,7.0,90.0,21.0,4.0,125.0,28.0,2.0,28.0,1.0,4.0,1.0,23.0,3610.0,1706.0,3172.0,3030.2470770943196,3610,0.5921052631578947,0.0
142,DoctorW,79,40,0,0,0,1,0,0,0,0,0,4,31,9,15,11,5,5,2,7,61,18,31,22,11,6,0,1,2047.0,0.0,0.0,5.0,4.0,33.0,31.0,12.0,9.0,10.0,15.0,9.0,11.0,4.0,5.0,6.0,5.0,81.0,5.0,5.0,2047.0,2803.0,920.0,7.0,0.0,90.0,2.0,79.0,61.0,10.0,1.0,40.0,4.0,1.0,98.0,0.0,80.0,11.0,1.0,7.0,1.0,0.0,148.0,149.0,0.0,1145.5022019656494,148,0.5063291139240507,0.0
143,tanini,306,160,0,0,1,0,0,0,0,0,2,0,94,26,20,73,78,27,3,7,167,50,48,148,142,47,0,1,4418.0,2.0,2.0,3.0,0.0,145.0,94.0,39.0,26.0,13.0,20.0,53.0,73.0,27.0,78.0,24.0,27.0,1435.0,2.0,1.0,4418.0,934.0,3865.0,10.0,2.0,99.0,3.0,306.0,167.0,54.0,7.0,160.0,26.0,10.0,162.0,0.0,353.0,82.0,1.0,8.0,0.0,1.0,336.0,1184.0,0.0,1213.0276574118836,336,0.5228758169934641,0.0
144,eggface,112,59,0,0,0,0,0,1,0,0,1,15,28,2,9,16,27,20,3,26,47,5,27,30,44,42,0,1,2625.0,1.0,1.0,11.0,15.0,27.0,28.0,3.0,2.0,11.0,9.0,16.0,16.0,17.0,27.0,26.0,20.0,328.0,0.0,1.0,2625.0,521.0,280.0,6.0,0.0,100.0,3.0,112.0,47.0,24.0,4.0,59.0,1.0,0.0,53.0,0.0,0.0,29.0,1.0,4.0,3.0,0.0,1061.0,2717.0,107.0,858.1158531025386,1061,0.5267857142857143,0.0
145,sophie,89,50,1,0,0,0,0,0,0,0,37,1,9,0,2,28,2,21,61,4,18,1,8,53,4,29,0,1,2456.0,28.0,37.0,0.0,1.0,15.0,9.0,1.0,0.0,6.0,2.0,18.0,28.0,1.0,2.0,20.0,21.0,72.0,2.0,1.0,2456.0,3486.0,870.0,8.0,2.0,92.0,1.0,89.0,61.0,8.0,6.0,50.0,20.0,4.0,91.0,3.0,27.0,15.0,1.0,5.0,0.0,8.0,1213.0,1294.0,789.0,1389.580551029064,1213,0.5617977528089888,0.0
146,aaaa,122,60,0,0,0,0,1,0,0,0,15,32,8,34,4,4,17,6,28,56,27,61,13,14,31,12,0,1,2524.0,10.0,15.0,3.0,32.0,20.0,8.0,56.0,34.0,6.0,4.0,4.0,4.0,15.0,17.0,7.0,6.0,376.0,6.0,2.0,2524.0,0.0,0.0,15.0,2.0,91.0,12.0,121.0,61.0,12.0,2.0,60.0,29.0,3.0,15.0,47.0,27.0,26.0,1.0,6.0,0.0,28.0,2450.0,2705.0,1877.0,-886.1489408454133,2450,0.4918032786885246,1.0
147,Martin,164,79,0,1,0,0,0,0,0,0,13,31,15,10,29,27,9,24,32,61,29,20,67,50,17,48,0,1,3373.0,21.0,13.0,18.0,31.0,20.0,15.0,18.0,10.0,23.0,29.0,36.0,27.0,1.0,9.0,25.0,24.0,443.0,3.0,3.0,3373.0,0.0,0.0,7.0,3.0,93.0,17.0,162.0,67.0,20.0,4.0,79.0,7.0,14.0,166.0,0.0,20.0,42.0,1.0,6.0,0.0,26.0,3273.0,1770.0,1328.0,-864.607984151135,3273,0.4817073170731707,1.0
148,sstein,333,189,0,0,0,0,0,1,0,0,183,118,9,1,1,62,0,4,314,199,21,2,4,111,2,9,0,1,6337.0,110.0,183.0,190.0,118.0,18.0,9.0,1.0,1.0,1.0,1.0,3.0,62.0,1.0,0.0,7.0,4.0,755.0,0.0,1.0,6347.0,3042.0,1799.0,7.0,0.0,98.0,2.0,331.0,314.0,24.0,19.0,189.0,36.0,9.0,284.0,31.0,44.0,82.0,1.0,5.0,0.0,53.0,3747.0,557.0,3215.0,4599.350110569353,3737,0.5675675675675675,0.0
149,basta,270,139,0,0,0,0,1,0,0,0,31,33,33,27,59,29,29,37,55,74,66,56,110,54,48,73,0,1,5370.0,14.0,31.0,28.0,33.0,44.0,33.0,44.0,27.0,35.0,59.0,38.0,29.0,16.0,29.0,49.0,37.0,461.0,0.0,1.0,5370.0,3224.0,1249.0,6.0,0.0,96.0,48.0,268.0,110.0,43.0,11.0,139.0,56.0,17.0,117.0,50.0,0.0,77.0,1.0,7.0,1.0,101.0,3140.0,1020.0,2313.0,532.9292148519395,3140,0.5148148148148148,1.0
150,georgedo,291,147,0,1,0,0,0,0,0,0,52,13,95,1,12,11,60,50,106,26,167,6,25,32,117,101,0,1,5885.0,15.0,52.0,14.0,13.0,140.0,95.0,6.0,1.0,18.0,12.0,12.0,11.0,14.0,60.0,71.0,50.0,564.0,3.0,3.0,5855.0,1819.0,2486.0,6.0,4.0,98.0,6.0,290.0,167.0,54.0,9.0,147.0,11.0,22.0,205.0,4.0,0.0,77.0,1.0,7.0,0.0,1.0,2634.0,1034.0,1829.0,1683.8889016658927,2664,0.5051546391752577,1.0
151,Beth,139,65,1,0,0,0,0,0,0,0,25,14,25,3,9,26,6,22,45,34,55,8,27,42,15,46,1,0,3403.0,21.0,25.0,11.0,14.0,40.0,25.0,6.0,3.0,14.0,9.0,21.0,26.0,5.0,6.0,18.0,22.0,418.0,5.0,1.0,3403.0,3184.0,1302.0,6.0,0.0,94.0,8.0,136.0,55.0,14.0,5.0,65.0,82.0,14.0,4.0,4.0,0.0,32.0,1.0,7.0,4.0,14.0,1707.0,1754.0,693.0,1556.556783455994,1707,0.4676258992805755,0.0
152,creilly1,546,276,0,0,0,0,0,1,0,0,5,18,194,5,47,5,77,201,10,39,389,14,82,13,143,400,0,1,8524.0,7.0,5.0,24.0,18.0,385.0,194.0,10.0,5.0,67.0,47.0,7.0,5.0,17.0,77.0,28.0,201.0,1018.0,6.0,3.0,8529.0,1125.0,4187.0,8.0,0.0,100.0,10.0,545.0,400.0,120.0,2.0,276.0,18.0,24.0,576.0,13.0,6.0,154.0,1.0,9.0,1.0,8.0,3489.0,1060.0,3012.0,211.98167731198765,3484,0.5054945054945055,1.0
153,probablytom,263,137,0,0,0,0,1,0,0,0,16,33,47,33,24,54,32,35,43,70,97,54,46,94,48,66,0,1,5820.0,24.0,16.0,27.0,33.0,83.0,47.0,41.0,33.0,19.0,24.0,26.0,54.0,12.0,32.0,27.0,35.0,642.0,4.0,1.0,5820.0,1054.0,2284.0,7.0,0.0,98.0,43.0,259.0,97.0,32.0,5.0,137.0,22.0,31.0,38.0,153.0,29.0,53.0,1.0,10.0,2.0,31.0,2469.0,7729.0,837.0,569.4768806676636,2469,0.5209125475285171,1.0
154,elennon,190,95,0,0,0,0,0,1,0,0,15,11,41,19,29,15,22,38,35,20,86,30,59,38,48,64,0,1,4983.0,13.0,15.0,6.0,11.0,67.0,41.0,15.0,19.0,9.0,29.0,15.0,15.0,13.0,22.0,52.0,38.0,226.0,0.0,1.0,4983.0,2714.0,1986.0,7.0,0.0,96.0,20.0,190.0,86.0,30.0,5.0,95.0,10.0,5.0,216.0,6.0,9.0,47.0,1.0,7.0,2.0,2.0,2461.0,4672.0,150.0,1466.7032873906696,2461,0.5,1.0
155,DX13,328,158,0,0,0,1,0,0,0,0,52,27,27,25,34,28,25,98,108,51,57,51,82,53,58,186,1,0,7227.0,56.0,52.0,14.0,27.0,45.0,27.0,41.0,25.0,60.0,34.0,44.0,28.0,34.0,25.0,29.0,98.0,615.0,0.0,1.0,7227.0,0.0,0.0,7.0,2.0,96.0,51.0,323.0,186.0,36.0,17.0,158.0,70.0,0.0,169.0,55.0,54.0,115.0,1.0,8.0,0.0,143.0,6953.0,4453.0,4995.0,-2069.3699213848163,6953,0.4817073170731707,0.0
156,dalinar,153,74,0,0,0,1,0,0,0,0,16,24,34,1,9,31,11,22,39,50,76,4,24,52,19,42,0,1,4621.0,29.0,16.0,13.0,24.0,43.0,34.0,3.0,1.0,9.0,9.0,24.0,31.0,9.0,11.0,23.0,22.0,290.0,20.0,1.0,4621.0,2830.0,1148.0,4.0,1.0,95.0,4.0,153.0,76.0,19.0,7.0,74.0,8.0,19.0,147.0,0.0,110.0,39.0,1.0,7.0,0.0,1.0,2978.0,4627.0,484.0,1242.6095849102942,2978,0.48366013071895425,0.0
157,Nari,474,244,0,0,0,1,0,0,0,0,67,13,122,41,10,29,18,188,134,43,203,82,25,64,38,345,0,1,9660.0,3.0,67.0,41.0,13.0,36.0,122.0,79.0,41.0,16.0,10.0,16.0,29.0,3.0,18.0,273.0,188.0,549.0,1.0,1.0,9660.0,2226.0,2784.0,10.0,0.0,99.0,25.0,467.0,345.0,65.0,13.0,244.0,2.0,5.0,536.0,2.0,260.0,146.0,1.0,11.0,0.0,0.0,6360.0,1139.0,4803.0,-377.437767479638,6360,0.5147679324894515,1.0
158,DavetheRave,144,63,0,0,0,0,1,0,0,0,7,14,25,4,16,28,14,18,24,29,44,16,36,54,36,49,0,1,4495.0,9.0,7.0,7.0,14.0,34.0,25.0,6.0,4.0,10.0,16.0,35.0,28.0,7.0,14.0,36.0,18.0,120.0,4.0,4.0,4495.0,2427.0,0.0,5.0,0.0,94.0,16.0,144.0,54.0,14.0,9.0,63.0,23.0,2.0,98.0,10.0,0.0,26.0,1.0,6.0,2.0,30.0,3865.0,6270.0,2146.0,791.2856458343041,3865,0.4375,0.0
159,alan,138,57,0,0,0,0,0,0,1,0,15,19,35,2,1,5,31,6,32,58,74,4,9,16,73,10,0,1,3927.0,4.0,15.0,9.0,19.0,38.0,35.0,3.0,2.0,3.0,1.0,14.0,5.0,59.0,31.0,8.0,6.0,138.0,9.0,3.0,3927.0,2965.0,584.0,4.0,0.0,93.0,4.0,138.0,74.0,15.0,7.0,57.0,1.0,0.0,239.0,1.0,44.0,26.0,1.0,5.0,1.0,1.0,2633.0,8595.0,31.0,-730.1783420726484,2633,0.41304347826086957,1.0
160,cptKav,498,233,0,0,0,0,1,0,0,0,58,92,56,53,38,80,38,51,118,183,133,102,94,148,94,120,0,1,8606.0,51.0,58.0,111.0,92.0,67.0,56.0,44.0,53.0,46.0,38.0,66.0,80.0,58.0,38.0,53.0,51.0,522.0,2.0,1.0,8606.0,1279.0,3792.0,9.0,0.0,100.0,94.0,496.0,183.0,62.0,17.0,233.0,11.0,10.0,490.0,30.0,9.0,120.0,1.0,12.0,2.0,10.0,4761.0,4529.0,2387.0,696.9808790471052,4761,0.4678714859437751,1.0
161,Ellen,690,345,0,0,0,0,0,1,0,0,34,29,102,42,94,147,22,220,64,62,199,89,172,281,43,456,0,1,10151.0,29.0,34.0,42.0,29.0,114.0,102.0,81.0,42.0,151.0,94.0,190.0,147.0,17.0,22.0,59.0,220.0,1329.0,3.0,1.0,10171.0,271.0,3699.0,9.0,0.0,100.0,43.0,683.0,456.0,90.0,34.0,345.0,106.0,35.0,347.0,135.0,0.0,189.0,1.0,10.0,2.0,31.0,5468.0,1568.0,4131.0,5853.154155480049,5448,0.5,0.0
162,Beccccca,228,91,0,0,1,0,0,0,0,0,16,50,6,7,56,2,8,37,25,119,18,25,130,15,20,98,0,1,5635.0,22.0,16.0,79.0,50.0,7.0,6.0,22.0,7.0,15.0,56.0,9.0,2.0,4.0,8.0,67.0,37.0,45.0,0.0,7.0,5635.0,0.0,0.0,5.0,1.0,95.0,15.0,225.0,130.0,22.0,6.0,91.0,112.0,1.0,135.0,4.0,0.0,64.0,1.0,9.0,0.0,101.0,5485.0,5609.0,4985.0,-451.31681129834607,5485,0.3991228070175439,0.0
163,ECDr,561,276,0,1,0,0,0,0,0,0,7,12,23,12,231,11,21,235,19,33,59,39,428,37,50,443,0,1,10289.0,12.0,7.0,8.0,12.0,41.0,23.0,25.0,12.0,387.0,231.0,18.0,11.0,16.0,21.0,47.0,235.0,938.0,6.0,1.0,10289.0,1984.0,2682.0,9.0,0.0,99.0,19.0,554.0,443.0,103.0,9.0,276.0,22.0,0.0,615.0,2.0,6.0,165.0,1.0,9.0,1.0,11.0,6797.0,1149.0,5938.0,6397.403469371933,6797,0.4919786096256685,0.0
164,timri,429,242,0,0,0,0,0,1,0,0,34,9,2,33,14,189,0,203,67,20,3,66,27,319,2,348,0,1,11109.0,3.0,34.0,11.0,9.0,3.0,2.0,66.0,33.0,24.0,14.0,317.0,189.0,0.0,0.0,2.0,203.0,458.0,4.0,2.0,11109.0,2626.0,2193.0,13.0,2.0,98.0,2.0,426.0,348.0,52.0,41.0,242.0,165.0,32.0,304.0,6.0,59.0,118.0,1.0,6.0,0.0,68.0,7909.0,3580.0,7469.0,3646.6010089740375,7909,0.5641025641025641,0.0
165,Deanerbeck,682,330,0,0,0,0,0,0,1,0,3,65,259,16,122,14,136,45,9,133,510,43,278,33,241,105,0,1,13656.0,6.0,3.0,51.0,65.0,417.0,259.0,13.0,16.0,81.0,122.0,18.0,14.0,10.0,136.0,80.0,45.0,871.0,3.0,1.0,13656.0,1443.0,4060.0,7.0,0.0,99.0,9.0,676.0,510.0,113.0,19.0,330.0,5.0,0.0,745.0,2.0,471.0,218.0,1.0,8.0,1.0,1.0,9010.0,2633.0,8081.0,1201.7146419846192,9010,0.4838709677419355,1.0
166,Luca1802,410,229,0,0,0,0,0,0,0,1,85,10,36,10,19,165,25,108,147,22,78,17,44,273,49,188,0,1,11810.0,20.0,85.0,5.0,10.0,61.0,36.0,7.0,10.0,28.0,19.0,208.0,165.0,14.0,25.0,66.0,108.0,1093.0,12.0,3.0,11810.0,2782.0,1174.0,10.0,0.0,98.0,17.0,409.0,273.0,48.0,38.0,229.0,42.0,2.0,468.0,17.0,9.0,119.0,1.0,5.0,4.0,16.0,9515.0,2768.0,6416.0,2088.787122533815,9510,0.5585365853658537,1.0
167,l17r,906,405,0,0,1,0,0,0,0,0,1,332,317,10,1,73,75,1,3,766,747,14,6,132,137,1,0,1,15234.0,0.0,1.0,3.0,332.0,746.0,317.0,13.0,10.0,5.0,1.0,131.0,73.0,4.0,75.0,1.0,1.0,520.0,0.0,1.0,15234.0,2472.0,2142.0,10.0,2.0,99.0,1.0,903.0,766.0,90.0,23.0,405.0,396.0,9.0,516.0,37.0,13.0,302.0,1.0,13.0,1.0,409.0,11642.0,1150.0,7567.0,1201.7146419846192,11642,0.4470198675496689,1.0
168,apropos0,1004,529,1,0,0,0,0,0,0,0,20,20,236,11,255,40,71,405,53,43,466,26,450,74,126,746,0,1,16524.0,43.0,20.0,11.0,20.0,419.0,236.0,15.0,11.0,323.0,255.0,43.0,40.0,48.0,71.0,90.0,405.0,1924.0,1.0,1.0,16524.0,1002.0,4143.0,11.0,0.0,100.0,26.0,992.0,746.0,171.0,15.0,529.0,1.0,4.0,950.0,0.0,10.0,338.0,1.0,8.0,0.0,0.0,11621.0,431.0,10604.0,1201.7146419846192,11621,0.5268924302788844,0.0
169,Frp97,737,436,1,0,0,0,0,0,0,0,4,0,10,2,11,421,11,413,8,2,16,8,26,700,19,683,0,1,15558.0,3.0,4.0,1.0,0.0,10.0,10.0,6.0,2.0,19.0,11.0,605.0,421.0,9.0,11.0,78.0,413.0,625.0,0.0,1.0,15558.0,2459.0,2110.0,11.0,1.0,99.0,2.0,731.0,700.0,45.0,82.0,436.0,124.0,8.0,113.0,345.0,53.0,224.0,1.0,5.0,0.0,47.0,12358.0,795.0,10984.0,1201.7146419846192,12358,0.5915875169606513,1.0
